FeatureCode,DateCode,Measurement,Units,Value,Sex,Age,Cause Of Death,Location Of Death
S92000003,w/c 2020-01-20,Count,Deaths,0,All,75-84 years,COVID-19 related,All
S92000003,w/c 2020-03-30,Count,Deaths,291,Male,75-84 years,All causes,All
S92000003,w/c 2020-02-03,Count,Deaths,187,Male,75-84 years,All causes,All
S92000003,w/c 2019-12-30,Count,Deaths,177,Male,75-84 years,All causes,All
S92000003,w/c 2020-02-17,Count,Deaths,182,Male,75-84 years,All causes,All
S92000003,w/c 2020-03-16,Count,Deaths,3,Male,75-84 years,COVID-19 related,All
S92000003,2020,Count,Deaths,5828,All,75-84 years,All causes,All
S92000003,w/c 2020-02-24,Count,Deaths,0,All,75-84 years,COVID-19 related,All
S92000003,w/c 2020-02-17,Count,Deaths,0,Female,75-84 years,COVID-19 related,All
S92000003,w/c 2020-01-06,Count,Deaths,220,Female,75-84 years,All causes,All
S92000003,w/c 2020-02-10,Count,Deaths,185,Male,75-84 years,All causes,All
S92000003,w/c 2020-03-02,Count,Deaths,182,Male,75-84 years,All causes,All
S92000003,w/c 2020-03-02,Count,Deaths,0,Female,75-84 years,COVID-19 related,All
S92000003,2020,Count,Deaths,3014,Male,75-84 years,All causes,All
S92000003,w/c 2020-01-20,Count,Deaths,0,Male,75-84 years,COVID-19 related,All
S92000003,w/c 2020-03-30,Count,Deaths,106,All,75-84 years,COVID-19 related,All
S92000003,w/c 2020-01-27,Count,Deaths,0,Female,75-84 years,COVID-19 related,All
S92000003,w/c 2020-02-03,Count,Deaths,0,All,75-84 years,COVID-19 related,All
S92000003,2020,Count,Deaths,2814,Female,75-84 years,All causes,All
S92000003,w/c 2020-01-06,Count,Deaths,0,All,75-84 years,COVID-19 related,All
S92000003,w/c 2020-04-06,Count,Deaths,297,Female,75-84 years,All causes,All
S92000003,w/c 2020-03-16,Count,Deaths,192,Male,75-84 years,All causes,All
S92000003,w/c 2020-01-27,Count,Deaths,368,All,75-84 years,All causes,All
S92000003,w/c 2020-03-16,Count,Deaths,0,Female,75-84 years,COVID-19 related,All
S92000003,w/c 2020-01-06,Count,Deaths,0,Male,75-84 years,COVID-19 related,All
S92000003,w/c 2019-12-30,Count,Deaths,0,Male,75-84 years,COVID-19 related,All
S92000003,w/c 2020-01-13,Count,Deaths,0,Female,75-84 years,COVID-19 related,All
S92000003,w/c 2020-01-20,Count,Deaths,0,Female,75-84 years,COVID-19 related,All
S92000003,w/c 2019-12-30,Count,Deaths,372,All,75-84 years,All causes,All
S92000003,w/c 2020-03-23,Count,Deaths,317,All,75-84 years,All causes,All
S92000003,w/c 2020-03-16,Count,Deaths,363,All,75-84 years,All causes,All
S92000003,w/c 2020-03-30,Count,Deaths,49,Female,75-84 years,COVID-19 related,All
S92000003,w/c 2020-01-13,Count,Deaths,385,All,75-84 years,All causes,All
S92000003,w/c 2020-01-13,Count,Deaths,186,Female,75-84 years,All causes,All
S92000003,w/c 2020-01-06,Count,Deaths,428,All,75-84 years,All causes,All
S92000003,w/c 2020-03-23,Count,Deaths,146,Male,75-84 years,All causes,All
S92000003,w/c 2020-03-30,Count,Deaths,542,All,75-84 years,All causes,All
S92000003,w/c 2020-03-09,Count,Deaths,159,Female,75-84 years,All causes,All
S92000003,2020,Count,Deaths,206,Male,75-84 years,COVID-19 related,All
S92000003,w/c 2020-02-03,Count,Deaths,191,Female,75-84 years,All causes,All
S92000003,w/c 2020-01-20,Count,Deaths,343,All,75-84 years,All causes,All
S92000003,w/c 2020-02-24,Count,Deaths,333,All,75-84 years,All causes,All
S92000003,w/c 2019-12-30,Count,Deaths,195,Female,75-84 years,All causes,All
S92000003,2020,Count,Deaths,59,Female,65-74 years,COVID-19 related,All
S92000003,w/c 2020-01-13,Count,Deaths,0,Female,65-74 years,COVID-19 related,All
S92000003,w/c 2020-02-03,Count,Deaths,0,All,65-74 years,COVID-19 related,All
S92000003,2020,Count,Deaths,124,Male,65-74 years,COVID-19 related,All
S92000003,w/c 2020-04-06,Count,Deaths,33,Female,65-74 years,COVID-19 related,All
S92000003,w/c 2020-01-06,Count,Deaths,0,Male,65-74 years,COVID-19 related,All
S92000003,w/c 2020-02-10,Count,Deaths,144,Male,65-74 years,All causes,All
S92000003,w/c 2020-01-13,Count,Deaths,132,Male,65-74 years,All causes,All
S92000003,w/c 2020-02-10,Count,Deaths,96,Female,65-74 years,All causes,All
S92000003,w/c 2020-01-13,Count,Deaths,0,Male,65-74 years,COVID-19 related,All
S92000003,w/c 2020-01-06,Count,Deaths,288,All,65-74 years,All causes,All
S92000003,w/c 2020-02-17,Count,Deaths,0,Female,65-74 years,COVID-19 related,All
S92000003,w/c 2020-02-24,Count,Deaths,214,All,65-74 years,All causes,All
S92000003,w/c 2020-01-13,Count,Deaths,107,Female,65-74 years,All causes,All
S92000003,w/c 2020-03-30,Count,Deaths,127,Female,65-74 years,All causes,All
S92000003,w/c 2020-01-06,Count,Deaths,127,Female,65-74 years,All causes,All
S92000003,w/c 2020-02-17,Count,Deaths,0,Male,65-74 years,COVID-19 related,All
S92000003,w/c 2019-12-30,Count,Deaths,81,Female,65-74 years,All causes,All
S92000003,w/c 2020-03-16,Count,Deaths,1,Male,65-74 years,COVID-19 related,All
S92000003,w/c 2020-03-23,Count,Deaths,113,Male,65-74 years,All causes,All
S92000003,w/c 2020-03-02,Count,Deaths,217,All,65-74 years,All causes,All
S92000003,w/c 2020-01-27,Count,Deaths,0,All,75-84 years,COVID-19 related,All
S92000003,w/c 2020-01-06,Count,Deaths,208,Male,75-84 years,All causes,All
S92000003,w/c 2020-02-03,Count,Deaths,0,Female,75-84 years,COVID-19 related,All
S92000003,w/c 2020-02-24,Count,Deaths,181,Male,75-84 years,All causes,All
S92000003,w/c 2020-01-27,Count,Deaths,195,Male,75-84 years,All causes,All
S92000003,w/c 2020-01-13,Count,Deaths,0,All,75-84 years,COVID-19 related,All
S92000003,w/c 2020-03-23,Count,Deaths,9,Female,75-84 years,COVID-19 related,All
S92000003,w/c 2020-02-24,Count,Deaths,0,Male,75-84 years,COVID-19 related,All
S92000003,w/c 2020-02-10,Count,Deaths,0,Male,75-84 years,COVID-19 related,All
S92000003,w/c 2020-04-06,Count,Deaths,226,All,75-84 years,COVID-19 related,All
S92000003,w/c 2020-01-20,Count,Deaths,188,Male,75-84 years,All causes,All
S92000003,w/c 2020-01-20,Count,Deaths,0,Female,65-74 years,COVID-19 related,All
S92000003,w/c 2020-03-09,Count,Deaths,134,Male,65-74 years,All causes,All
S92000003,w/c 2020-02-17,Count,Deaths,224,All,65-74 years,All causes,All
S92000003,w/c 2020-02-10,Count,Deaths,0,Male,65-74 years,COVID-19 related,All
S92000003,w/c 2020-01-27,Count,Deaths,96,Female,65-74 years,All causes,All
S92000003,w/c 2020-01-27,Count,Deaths,0,Male,75-84 years,COVID-19 related,All
S92000003,w/c 2020-03-23,Count,Deaths,89,Female,65-74 years,All causes,All
S92000003,w/c 2020-01-13,Count,Deaths,199,Male,75-84 years,All causes,All
S92000003,w/c 2020-03-16,Count,Deaths,3,Female,65-74 years,COVID-19 related,All
S92000003,w/c 2020-03-09,Count,Deaths,219,All,65-74 years,All causes,All
S92000003,w/c 2020-03-30,Count,Deaths,337,Female,85 years and over,All causes,All
S92000003,w/c 2020-04-06,Count,Deaths,402,Female,85 years and over,All causes,All
S92000003,w/c 2020-01-13,Count,Deaths,288,Female,85 years and over,All causes,All
S92000003,w/c 2020-02-10,Count,Deaths,233,Female,85 years and over,All causes,All
S92000003,w/c 2020-01-06,Count,Deaths,574,All,85 years and over,All causes,All
S92000003,w/c 2020-02-17,Count,Deaths,0,Female,85 years and over,COVID-19 related,All
S92000003,w/c 2020-03-23,Count,Deaths,248,Female,85 years and over,All causes,All
S92000003,2020,Count,Deaths,168,Female,85 years and over,COVID-19 related,All
S92000003,w/c 2020-03-16,Count,Deaths,148,Male,85 years and over,All causes,All
S92000003,w/c 2020-04-06,Count,Deaths,113,Female,85 years and over,COVID-19 related,All
S92000003,w/c 2020-02-24,Count,Deaths,0,Female,85 years and over,COVID-19 related,All
S92000003,w/c 2019-12-30,Count,Deaths,145,Male,85 years and over,All causes,All
S92000003,w/c 2020-03-02,Count,Deaths,0,All,85 years and over,COVID-19 related,All
S92000003,w/c 2020-01-20,Count,Deaths,0,Female,85 years and over,COVID-19 related,All
S92000003,2020,Count,Deaths,4095,Female,85 years and over,All causes,All
S92000003,w/c 2020-01-13,Count,Deaths,466,All,85 years and over,All causes,All
S92000003,w/c 2020-02-17,Count,Deaths,0,All,85 years and over,COVID-19 related,All
S92000003,w/c 2020-01-13,Count,Deaths,0,Female,85 years and over,COVID-19 related,All
S92000003,w/c 2020-01-06,Count,Deaths,357,Female,85 years and over,All causes,All
S92000003,w/c 2020-01-27,Count,Deaths,232,Female,85 years and over,All causes,All
S92000003,w/c 2020-03-16,Count,Deaths,371,All,85 years and over,All causes,All
S92000003,w/c 2019-12-30,Count,Deaths,266,Female,85 years and over,All causes,All
S92000003,w/c 2019-12-30,Count,Deaths,0,All,85 years and over,COVID-19 related,All
S92000003,w/c 2020-03-23,Count,Deaths,15,All,85 years and over,COVID-19 related,All
S92000003,w/c 2020-02-03,Count,Deaths,416,All,85 years and over,All causes,All
S92000003,w/c 2020-02-24,Count,Deaths,407,All,85 years and over,All causes,All
S92000003,w/c 2020-03-16,Count,Deaths,1,Male,85 years and over,COVID-19 related,All
S92000003,w/c 2020-04-06,Count,Deaths,300,Male,85 years and over,All causes,All
S92000003,w/c 2020-03-02,Count,Deaths,406,All,85 years and over,All causes,All
S92000003,w/c 2020-04-06,Count,Deaths,100,Male,85 years and over,COVID-19 related,All
S92000003,w/c 2020-01-06,Count,Deaths,0,Female,85 years and over,COVID-19 related,All
S92000003,w/c 2019-12-30,Count,Deaths,0,Male,85 years and over,COVID-19 related,All
S92000003,w/c 2020-01-13,Count,Deaths,0,Male,85 years and over,COVID-19 related,All
S92000003,w/c 2020-02-03,Count,Deaths,0,Female,85 years and over,COVID-19 related,All
S92000003,w/c 2020-01-20,Count,Deaths,273,Female,85 years and over,All causes,All
S92000003,w/c 2020-01-20,Count,Deaths,0,All,85 years and over,COVID-19 related,All
S92000003,w/c 2020-03-16,Count,Deaths,223,Female,85 years and over,All causes,All
S92000003,2020,Count,Deaths,304,All,85 years and over,COVID-19 related,All
S92000003,w/c 2020-02-10,Count,Deaths,0,All,85 years and over,COVID-19 related,All
S92000003,w/c 2020-01-06,Count,Deaths,0,All,85 years and over,COVID-19 related,All
S92000003,w/c 2020-02-17,Count,Deaths,384,All,85 years and over,All causes,All
S92000003,w/c 2020-02-24,Count,Deaths,253,Female,85 years and over,All causes,All
S92000003,w/c 2019-12-30,Count,Deaths,0,Female,85 years and over,COVID-19 related,All
S92000003,w/c 2020-03-09,Count,Deaths,318,All,75-84 years,All causes,All
S92000003,w/c 2020-03-23,Count,Deaths,171,Female,75-84 years,All causes,All
S92000003,2020,Count,Deaths,359,All,75-84 years,COVID-19 related,All
S92000003,w/c 2019-12-30,Count,Deaths,0,All,75-84 years,COVID-19 related,All
S92000003,w/c 2020-03-02,Count,Deaths,178,Female,75-84 years,All causes,All
S92000003,w/c 2020-02-03,Count,Deaths,0,Male,75-84 years,COVID-19 related,All
S92000003,w/c 2020-01-06,Count,Deaths,0,Female,75-84 years,COVID-19 related,All
S92000003,w/c 2020-02-17,Count,Deaths,354,All,75-84 years,All causes,All
S92000003,w/c 2020-01-27,Count,Deaths,173,Female,75-84 years,All causes,All
S92000003,w/c 2020-03-16,Count,Deaths,3,All,75-84 years,COVID-19 related,All
S92000003,w/c 2020-03-02,Count,Deaths,0,All,75-84 years,COVID-19 related,All
S92000003,w/c 2020-02-24,Count,Deaths,152,Female,75-84 years,All causes,All
S92000003,w/c 2020-03-16,Count,Deaths,171,Female,75-84 years,All causes,All
S92000003,w/c 2020-04-06,Count,Deaths,639,All,75-84 years,All causes,All
S92000003,w/c 2020-02-10,Count,Deaths,328,All,75-84 years,All causes,All
S92000003,w/c 2020-03-30,Count,Deaths,57,Male,75-84 years,COVID-19 related,All
S92000003,w/c 2020-02-10,Count,Deaths,0,Female,75-84 years,COVID-19 related,All
S92000003,w/c 2020-02-03,Count,Deaths,378,All,75-84 years,All causes,All
S92000003,w/c 2020-03-23,Count,Deaths,15,Male,75-84 years,COVID-19 related,All
S92000003,w/c 2020-03-30,Count,Deaths,251,Female,75-84 years,All causes,All
S92000003,w/c 2020-01-13,Count,Deaths,0,Male,75-84 years,COVID-19 related,All
S92000003,w/c 2020-03-02,Count,Deaths,0,Male,75-84 years,COVID-19 related,All
S92000003,w/c 2020-04-06,Count,Deaths,95,Female,75-84 years,COVID-19 related,All
S92000003,w/c 2020-02-10,Count,Deaths,143,Female,75-84 years,All causes,All
S92000003,w/c 2020-03-02,Count,Deaths,360,All,75-84 years,All causes,All
S92000003,w/c 2020-03-09,Count,Deaths,0,Female,75-84 years,COVID-19 related,All
S92000003,w/c 2020-02-24,Count,Deaths,0,Female,75-84 years,COVID-19 related,All
S92000003,w/c 2020-03-09,Count,Deaths,395,All,85 years and over,All causes,All
S92000003,w/c 2020-02-17,Count,Deaths,0,All,75-84 years,COVID-19 related,All
S92000003,w/c 2020-01-06,Count,Deaths,217,Male,85 years and over,All causes,All
S92000003,w/c 2020-03-09,Count,Deaths,0,All,75-84 years,COVID-19 related,All
S92000003,w/c 2020-02-17,Count,Deaths,172,Female,75-84 years,All causes,All
S92000003,w/c 2020-04-06,Count,Deaths,342,Male,75-84 years,All causes,All
S92000003,2020,Count,Deaths,153,Female,75-84 years,COVID-19 related,All
S92000003,w/c 2020-02-17,Count,Deaths,0,Male,75-84 years,COVID-19 related,All
S92000003,w/c 2019-12-30,Count,Deaths,0,Female,75-84 years,COVID-19 related,All
S92000003,w/c 2020-03-23,Count,Deaths,24,All,75-84 years,COVID-19 related,All
S92000003,w/c 2020-04-06,Count,Deaths,131,Male,75-84 years,COVID-19 related,All
S92000003,w/c 2020-02-10,Count,Deaths,0,All,75-84 years,COVID-19 related,All
S92000003,w/c 2020-03-09,Count,Deaths,159,Male,75-84 years,All causes,All
S92000003,w/c 2020-01-20,Count,Deaths,155,Female,75-84 years,All causes,All
S92000003,w/c 2020-03-09,Count,Deaths,0,Male,75-84 years,COVID-19 related,All
S92000003,w/c 2020-03-02,Count,Deaths,3,All,0 years,All causes,All
S92000003,w/c 2020-03-16,Count,Deaths,0,All,0 years,COVID-19 related,All
S92000003,w/c 2020-03-23,Count,Deaths,1,Male,0 years,All causes,All
S92000003,w/c 2020-01-20,Count,Deaths,0,All,0 years,COVID-19 related,All
S92000003,w/c 2020-02-17,Count,Deaths,0,Female,0 years,COVID-19 related,All
S92000003,w/c 2020-02-10,Count,Deaths,4,Male,0 years,All causes,All
S92000003,w/c 2020-04-06,Count,Deaths,0,Male,0 years,COVID-19 related,All
S92000003,w/c 2020-03-02,Count,Deaths,3,Female,0 years,All causes,All
S92000003,w/c 2020-02-10,Count,Deaths,0,Female,0 years,All causes,All
S92000003,w/c 2020-03-23,Count,Deaths,4,Female,0 years,All causes,All
S92000003,w/c 2020-03-09,Count,Deaths,0,Female,0 years,COVID-19 related,All
S92000003,w/c 2020-01-13,Count,Deaths,0,All,0 years,COVID-19 related,All
S92000003,w/c 2020-01-27,Count,Deaths,2,Female,0 years,All causes,All
S92000003,w/c 2020-02-03,Count,Deaths,6,All,0 years,All causes,All
S92000003,w/c 2020-02-10,Count,Deaths,0,Male,0 years,COVID-19 related,All
S92000003,w/c 2020-01-13,Count,Deaths,0,Female,0 years,COVID-19 related,All
S92000003,w/c 2020-02-10,Count,Deaths,0,Female,0 years,COVID-19 related,All
S92000003,w/c 2020-01-20,Count,Deaths,0,Female,0 years,COVID-19 related,All
S92000003,w/c 2020-01-06,Count,Deaths,0,Female,0 years,COVID-19 related,All
S92000003,w/c 2020-03-16,Count,Deaths,0,Male,0 years,COVID-19 related,All
S92000003,w/c 2020-01-20,Count,Deaths,0,Male,0 years,All causes,All
S92000003,w/c 2020-03-16,Count,Deaths,1,Male,0 years,All causes,All
S92000003,w/c 2020-02-03,Count,Deaths,1,Female,0 years,All causes,All
S92000003,w/c 2019-12-30,Count,Deaths,3,All,0 years,All causes,All
S92000003,w/c 2020-01-06,Count,Deaths,0,All,0 years,All causes,All
S92000003,w/c 2020-01-20,Count,Deaths,1,All,0 years,All causes,All
S92000003,w/c 2019-12-30,Count,Deaths,2,Male,0 years,All causes,All
S92000003,2020,Count,Deaths,23,Female,0 years,All causes,All
S92000003,w/c 2020-03-16,Count,Deaths,4,All,0 years,All causes,All
S92000003,w/c 2019-12-30,Count,Deaths,0,Female,0 years,COVID-19 related,All
S92000003,2020,Count,Deaths,49,All,0 years,All causes,All
S92000003,w/c 2020-01-27,Count,Deaths,3,All,0 years,All causes,All
S92000003,w/c 2020-02-17,Count,Deaths,1,Female,0 years,All causes,All
S92000003,w/c 2020-03-16,Count,Deaths,3,Female,0 years,All causes,All
S92000003,w/c 2020-02-24,Count,Deaths,2,All,0 years,All causes,All
S92000003,w/c 2020-01-06,Count,Deaths,0,All,0 years,COVID-19 related,All
S92000003,w/c 2020-01-20,Count,Deaths,0,Male,0 years,COVID-19 related,All
S92000003,w/c 2020-01-13,Count,Deaths,2,Male,0 years,All causes,All
S92000003,w/c 2020-03-09,Count,Deaths,5,All,0 years,All causes,All
S92000003,w/c 2020-02-17,Count,Deaths,2,All,0 years,All causes,All
S92000003,w/c 2020-03-30,Count,Deaths,0,Male,0 years,COVID-19 related,All
S92000003,w/c 2020-01-13,Count,Deaths,0,Male,0 years,COVID-19 related,All
S92000003,w/c 2020-03-30,Count,Deaths,2,Female,0 years,All causes,All
S92000003,2020,Count,Deaths,26,Male,0 years,All causes,All
S92000003,w/c 2020-01-13,Count,Deaths,1,Female,0 years,All causes,All
S92000003,w/c 2020-02-24,Count,Deaths,0,Female,0 years,COVID-19 related,All
S92000003,w/c 2020-03-09,Count,Deaths,0,All,0 years,COVID-19 related,All
S92000003,w/c 2020-01-27,Count,Deaths,0,Female,0 years,COVID-19 related,All
S92000003,w/c 2020-01-20,Count,Deaths,1,Female,0 years,All causes,All
S92000003,w/c 2020-03-02,Count,Deaths,0,Female,0 years,COVID-19 related,All
S92000003,w/c 2020-02-17,Count,Deaths,0,Male,0 years,COVID-19 related,All
S92000003,w/c 2020-03-09,Count,Deaths,0,Male,0 years,COVID-19 related,All
S92000003,w/c 2020-03-02,Count,Deaths,0,Male,0 years,COVID-19 related,All
S92000003,w/c 2020-01-13,Count,Deaths,3,All,0 years,All causes,All
S92000003,w/c 2019-12-30,Count,Deaths,0,Female,All,COVID-19 related,All
S92000003,w/c 2020-03-02,Count,Deaths,622,Female,All,All causes,All
S92000003,2020,Count,Deaths,9767,Female,All,All causes,All
S92000003,w/c 2020-03-30,Count,Deaths,574,All,All,All causes,Home / Non-institution
S92000003,w/c 2020-01-27,Count,Deaths,313,All,All,All causes,Home / Non-institution
S92000003,w/c 2020-02-17,Count,Deaths,1,Male,0 years,All causes,All
S92000003,w/c 2020-02-03,Count,Deaths,5,Male,0 years,All causes,All
S92000003,w/c 2020-03-02,Count,Deaths,0,Male,0 years,All causes,All
S92000003,w/c 2020-02-24,Count,Deaths,580,Male,All,All causes,All
S92000003,w/c 2020-01-27,Count,Deaths,0,Male,All,COVID-19 related,All
S92000003,2020,Count,Deaths,0,All,0 years,COVID-19 related,All
S92000003,2020,Count,Deaths,0,Female,0 years,COVID-19 related,All
S92000003,w/c 2020-01-06,Count,Deaths,0,Male,0 years,All causes,All
S92000003,w/c 2019-12-30,Count,Deaths,0,Male,0 years,COVID-19 related,All
S92000003,w/c 2020-03-30,Count,Deaths,0,Female,0 years,COVID-19 related,All
S92000003,w/c 2020-03-30,Count,Deaths,0,All,0 years,COVID-19 related,All
S92000003,w/c 2019-12-30,Count,Deaths,0,All,0 years,COVID-19 related,All
S92000003,w/c 2020-03-23,Count,Deaths,0,All,0 years,COVID-19 related,All
S92000003,w/c 2020-02-03,Count,Deaths,0,Male,0 years,COVID-19 related,All
S92000003,w/c 2020-03-02,Count,Deaths,0,All,0 years,COVID-19 related,All
S92000003,w/c 2020-02-03,Count,Deaths,0,Female,0 years,COVID-19 related,All
S92000003,w/c 2020-04-06,Count,Deaths,1,Female,0 years,All causes,All
S92000003,w/c 2020-01-27,Count,Deaths,1,Male,0 years,All causes,All
S92000003,w/c 2020-03-16,Count,Deaths,0,Female,0 years,COVID-19 related,All
S92000003,w/c 2020-01-06,Count,Deaths,0,Male,0 years,COVID-19 related,All
S92000003,2020,Count,Deaths,0,Male,0 years,COVID-19 related,All
S92000003,w/c 2020-02-03,Count,Deaths,0,All,0 years,COVID-19 related,All
S92000003,w/c 2020-01-06,Count,Deaths,0,Female,0 years,All causes,All
S92000003,w/c 2020-03-30,Count,Deaths,1,Male,0 years,All causes,All
S92000003,w/c 2020-01-27,Count,Deaths,0,All,0 years,COVID-19 related,All
S92000003,w/c 2020-02-24,Count,Deaths,2,Male,0 years,All causes,All
S92000003,w/c 2020-03-09,Count,Deaths,0,Male,65-74 years,COVID-19 related,All
S92000003,w/c 2019-12-30,Count,Deaths,0,Female,65-74 years,COVID-19 related,All
S92000003,w/c 2020-02-10,Count,Deaths,240,All,65-74 years,All causes,All
S92000003,w/c 2020-03-02,Count,Deaths,131,Male,65-74 years,All causes,All
S92000003,w/c 2020-03-09,Count,Deaths,0,All,65-74 years,COVID-19 related,All
S92000003,2020,Count,Deaths,1498,Female,65-74 years,All causes,All
S92000003,2020,Count,Deaths,2086,Male,65-74 years,All causes,All
S92000003,w/c 2020-03-16,Count,Deaths,228,All,65-74 years,All causes,All
S92000003,w/c 2020-03-16,Count,Deaths,4,All,65-74 years,COVID-19 related,All
S92000003,w/c 2020-01-20,Count,Deaths,0,All,65-74 years,COVID-19 related,All
S92000003,w/c 2020-02-24,Count,Deaths,0,Female,65-74 years,COVID-19 related,All
S92000003,w/c 2020-02-10,Count,Deaths,0,All,65-74 years,COVID-19 related,All
S92000003,w/c 2020-01-27,Count,Deaths,214,All,65-74 years,All causes,All
S92000003,w/c 2020-03-02,Count,Deaths,0,Male,65-74 years,COVID-19 related,All
S92000003,w/c 2020-03-30,Count,Deaths,206,Male,65-74 years,All causes,All
S92000003,w/c 2020-03-02,Count,Deaths,0,All,65-74 years,COVID-19 related,All
S92000003,w/c 2020-03-23,Count,Deaths,3,Female,65-74 years,COVID-19 related,All
S92000003,w/c 2020-03-23,Count,Deaths,202,All,65-74 years,All causes,All
S92000003,w/c 2020-01-20,Count,Deaths,127,Male,65-74 years,All causes,All
S92000003,w/c 2019-12-30,Count,Deaths,197,All,65-74 years,All causes,All
S92000003,w/c 2020-01-13,Count,Deaths,239,All,65-74 years,All causes,All
S92000003,w/c 2020-02-17,Count,Deaths,101,Female,65-74 years,All causes,All
S92000003,w/c 2020-02-24,Count,Deaths,119,Male,65-74 years,All causes,All
S92000003,w/c 2020-01-27,Count,Deaths,0,Female,65-74 years,COVID-19 related,All
S92000003,w/c 2020-03-23,Count,Deaths,8,Male,65-74 years,COVID-19 related,All
S92000003,w/c 2020-02-24,Count,Deaths,95,Female,65-74 years,All causes,All
S92000003,w/c 2020-03-30,Count,Deaths,47,Male,65-74 years,COVID-19 related,All
S92000003,w/c 2020-02-24,Count,Deaths,0,Male,65-74 years,COVID-19 related,All
S92000003,w/c 2020-02-03,Count,Deaths,0,Female,65-74 years,COVID-19 related,All
S92000003,w/c 2020-03-16,Count,Deaths,91,Female,65-74 years,All causes,All
S92000003,w/c 2020-03-30,Count,Deaths,333,All,65-74 years,All causes,All
S92000003,w/c 2020-01-06,Count,Deaths,0,Female,65-74 years,COVID-19 related,All
S92000003,w/c 2020-02-03,Count,Deaths,211,All,65-74 years,All causes,All
S92000003,w/c 2020-02-03,Count,Deaths,92,Female,65-74 years,All causes,All
S92000003,w/c 2020-02-17,Count,Deaths,0,All,65-74 years,COVID-19 related,All
S92000003,w/c 2019-12-30,Count,Deaths,0,Male,65-74 years,COVID-19 related,All
S92000003,w/c 2020-01-27,Count,Deaths,0,Male,65-74 years,COVID-19 related,All
S92000003,w/c 2020-01-20,Count,Deaths,231,All,65-74 years,All causes,All
S92000003,w/c 2020-04-06,Count,Deaths,101,All,65-74 years,COVID-19 related,All
S92000003,w/c 2020-03-30,Count,Deaths,20,Female,65-74 years,COVID-19 related,All
S92000003,w/c 2020-02-24,Count,Deaths,0,All,65-74 years,COVID-19 related,All
S92000003,w/c 2020-04-06,Count,Deaths,68,Male,65-74 years,COVID-19 related,All
S92000003,w/c 2020-01-27,Count,Deaths,118,Male,65-74 years,All causes,All
S92000003,w/c 2020-01-27,Count,Deaths,0,Male,0 years,COVID-19 related,All
S92000003,w/c 2020-03-23,Count,Deaths,5,All,0 years,All causes,All
S92000003,w/c 2020-02-10,Count,Deaths,0,All,0 years,COVID-19 related,All
S92000003,w/c 2020-03-30,Count,Deaths,3,All,0 years,All causes,All
S92000003,w/c 2020-02-24,Count,Deaths,0,Male,0 years,COVID-19 related,All
S92000003,w/c 2020-04-06,Count,Deaths,0,All,0 years,COVID-19 related,All
S92000003,w/c 2020-02-10,Count,Deaths,0,Female,65-74 years,COVID-19 related,All
S92000003,w/c 2019-12-30,Count,Deaths,116,Male,65-74 years,All causes,All
S92000003,2020,Count,Deaths,3584,All,65-74 years,All causes,All
S92000003,w/c 2020-02-24,Count,Deaths,0,Female,0 years,All causes,All
S92000003,w/c 2020-04-06,Count,Deaths,5,All,0 years,All causes,All
S92000003,w/c 2020-02-17,Count,Deaths,0,All,0 years,COVID-19 related,All
S92000003,w/c 2020-03-09,Count,Deaths,3,Female,0 years,All causes,All
S92000003,w/c 2020-02-10,Count,Deaths,4,All,0 years,All causes,All
S92000003,w/c 2020-03-23,Count,Deaths,0,Female,0 years,COVID-19 related,All
S92000003,w/c 2020-04-06,Count,Deaths,4,Male,0 years,All causes,All
S92000003,w/c 2020-03-09,Count,Deaths,2,Male,0 years,All causes,All
S92000003,w/c 2020-03-23,Count,Deaths,0,Male,0 years,COVID-19 related,All
S92000003,w/c 2020-02-24,Count,Deaths,0,All,0 years,COVID-19 related,All
S92000003,w/c 2019-12-30,Count,Deaths,1,Female,0 years,All causes,All
S92000003,w/c 2020-04-06,Count,Deaths,0,Female,0 years,COVID-19 related,All
S92000003,w/c 2020-03-02,Count,Deaths,0,Female,65-74 years,COVID-19 related,All
S92000003,w/c 2020-02-17,Count,Deaths,123,Male,65-74 years,All causes,All
S92000003,w/c 2020-04-06,Count,Deaths,206,Male,65-74 years,All causes,All
S92000003,w/c 2019-12-30,Count,Deaths,0,All,65-74 years,COVID-19 related,All
S92000003,w/c 2020-01-20,Count,Deaths,0,Male,65-74 years,COVID-19 related,All
S92000003,w/c 2020-03-09,Count,Deaths,85,Female,65-74 years,All causes,All
S92000003,w/c 2020-02-03,Count,Deaths,119,Male,65-74 years,All causes,All
S92000003,w/c 2020-01-06,Count,Deaths,161,Male,65-74 years,All causes,All
S92000003,w/c 2020-04-06,Count,Deaths,121,Female,65-74 years,All causes,All
S92000003,w/c 2020-03-09,Count,Deaths,0,Female,65-74 years,COVID-19 related,All
S92000003,w/c 2020-03-23,Count,Deaths,11,All,65-74 years,COVID-19 related,All
S92000003,w/c 2020-02-03,Count,Deaths,0,Male,65-74 years,COVID-19 related,All
S92000003,w/c 2020-04-06,Count,Deaths,327,All,65-74 years,All causes,All
S92000003,w/c 2020-01-13,Count,Deaths,0,All,65-74 years,COVID-19 related,All
S92000003,w/c 2020-01-27,Count,Deaths,0,All,65-74 years,COVID-19 related,All
S92000003,w/c 2020-01-06,Count,Deaths,0,All,65-74 years,COVID-19 related,All
S92000003,w/c 2020-03-16,Count,Deaths,137,Male,65-74 years,All causes,All
S92000003,2020,Count,Deaths,183,All,65-74 years,COVID-19 related,All
S92000003,w/c 2020-01-20,Count,Deaths,104,Female,65-74 years,All causes,All
S92000003,w/c 2020-03-02,Count,Deaths,86,Female,65-74 years,All causes,All
S92000003,w/c 2020-03-30,Count,Deaths,67,All,65-74 years,COVID-19 related,All
S92000003,2020,Count,Deaths,4,Female,15-44 years,COVID-19 related,All
S92000003,w/c 2020-02-10,Count,Deaths,8,Female,15-44 years,All causes,All
S92000003,w/c 2020-01-13,Count,Deaths,9,Female,15-44 years,All causes,All
S92000003,w/c 2020-02-17,Count,Deaths,0,Female,15-44 years,COVID-19 related,All
S92000003,w/c 2020-03-16,Count,Deaths,11,Female,15-44 years,All causes,All
S92000003,w/c 2020-03-09,Count,Deaths,23,Female,15-44 years,All causes,All
S92000003,w/c 2020-01-13,Count,Deaths,0,Female,15-44 years,COVID-19 related,All
S92000003,w/c 2020-02-10,Count,Deaths,0,All,15-44 years,COVID-19 related,All
S92000003,w/c 2020-01-06,Count,Deaths,17,Female,15-44 years,All causes,All
S92000003,w/c 2020-01-06,Count,Deaths,0,All,15-44 years,COVID-19 related,All
S92000003,w/c 2019-12-30,Count,Deaths,11,Female,15-44 years,All causes,All
S92000003,w/c 2020-02-10,Count,Deaths,31,Male,15-44 years,All causes,All
S92000003,w/c 2020-04-06,Count,Deaths,54,All,15-44 years,All causes,All
S92000003,2020,Count,Deaths,4,Male,15-44 years,COVID-19 related,All
S92000003,w/c 2020-02-03,Count,Deaths,31,All,15-44 years,All causes,All
S92000003,w/c 2020-04-06,Count,Deaths,2,Male,15-44 years,COVID-19 related,All
S92000003,w/c 2020-02-17,Count,Deaths,45,All,15-44 years,All causes,All
S92000003,w/c 2020-03-02,Count,Deaths,0,All,15-44 years,COVID-19 related,All
S92000003,w/c 2020-03-30,Count,Deaths,4,All,15-44 years,COVID-19 related,All
S92000003,w/c 2020-03-09,Count,Deaths,0,All,15-44 years,COVID-19 related,All
S92000003,w/c 2020-02-03,Count,Deaths,16,Male,15-44 years,All causes,All
S92000003,w/c 2020-03-23,Count,Deaths,0,Male,15-44 years,COVID-19 related,All
S92000003,w/c 2020-01-06,Count,Deaths,3,All,1-14 years,All causes,All
S92000003,w/c 2020-03-16,Count,Deaths,0,Male,1-14 years,COVID-19 related,All
S92000003,w/c 2020-01-27,Count,Deaths,3,All,1-14 years,All causes,All
S92000003,w/c 2020-03-09,Count,Deaths,2,Male,1-14 years,All causes,All
S92000003,w/c 2020-03-02,Count,Deaths,0,All,1-14 years,All causes,All
S92000003,w/c 2020-02-17,Count,Deaths,0,All,1-14 years,COVID-19 related,All
S92000003,w/c 2020-01-06,Count,Deaths,0,Male,1-14 years,COVID-19 related,All
S92000003,w/c 2020-03-23,Count,Deaths,0,Male,1-14 years,COVID-19 related,All
S92000003,w/c 2019-12-30,Count,Deaths,0,Male,1-14 years,COVID-19 related,All
S92000003,w/c 2020-03-23,Count,Deaths,1,All,1-14 years,All causes,All
S92000003,w/c 2020-02-03,Count,Deaths,2,Male,1-14 years,All causes,All
S92000003,w/c 2020-03-23,Count,Deaths,10,Female,15-44 years,All causes,All
S92000003,2020,Count,Deaths,8,All,15-44 years,COVID-19 related,All
S92000003,2020,Count,Deaths,223,Female,15-44 years,All causes,All
S92000003,w/c 2020-02-24,Count,Deaths,0,Female,15-44 years,COVID-19 related,All
S92000003,w/c 2020-01-27,Count,Deaths,12,Female,15-44 years,All causes,All
S92000003,w/c 2020-01-27,Count,Deaths,19,Male,15-44 years,All causes,All
S92000003,w/c 2020-04-06,Count,Deaths,2,Female,15-44 years,COVID-19 related,All
S92000003,2020,Count,Deaths,418,Male,15-44 years,All causes,All
S92000003,w/c 2020-01-27,Count,Deaths,31,All,15-44 years,All causes,All
S92000003,w/c 2020-03-02,Count,Deaths,0,Female,15-44 years,COVID-19 related,All
S92000003,w/c 2020-01-20,Count,Deaths,0,Male,15-44 years,COVID-19 related,All
S92000003,w/c 2020-01-13,Count,Deaths,27,Male,15-44 years,All causes,All
S92000003,w/c 2020-01-20,Count,Deaths,36,Male,15-44 years,All causes,All
S92000003,w/c 2020-03-23,Count,Deaths,0,All,15-44 years,COVID-19 related,All
S92000003,w/c 2020-03-09,Count,Deaths,0,Male,15-44 years,COVID-19 related,All
S92000003,w/c 2020-03-30,Count,Deaths,43,Male,15-44 years,All causes,All
S92000003,w/c 2020-01-20,Count,Deaths,0,All,15-44 years,COVID-19 related,All
S92000003,w/c 2020-02-24,Count,Deaths,0,Male,15-44 years,COVID-19 related,All
S92000003,w/c 2020-02-17,Count,Deaths,28,Male,15-44 years,All causes,All
S92000003,w/c 2020-04-06,Count,Deaths,4,All,15-44 years,COVID-19 related,All
S92000003,w/c 2020-03-16,Count,Deaths,30,Male,15-44 years,All causes,All
S92000003,w/c 2019-12-30,Count,Deaths,0,All,15-44 years,COVID-19 related,All
S92000003,w/c 2020-02-03,Count,Deaths,0,Male,15-44 years,COVID-19 related,All
S92000003,w/c 2020-03-16,Count,Deaths,0,All,15-44 years,COVID-19 related,All
S92000003,w/c 2020-01-06,Count,Deaths,42,Male,15-44 years,All causes,All
S92000003,w/c 2020-03-02,Count,Deaths,27,Male,15-44 years,All causes,All
S92000003,w/c 2020-03-16,Count,Deaths,0,Male,15-44 years,COVID-19 related,All
S92000003,w/c 2020-03-09,Count,Deaths,26,Male,15-44 years,All causes,All
S92000003,w/c 2020-02-17,Count,Deaths,0,Male,15-44 years,COVID-19 related,All
S92000003,w/c 2020-04-06,Count,Deaths,33,Male,15-44 years,All causes,All
S92000003,w/c 2019-12-30,Count,Deaths,13,Male,15-44 years,All causes,All
S92000003,w/c 2020-01-06,Count,Deaths,59,All,15-44 years,All causes,All
S92000003,w/c 2020-03-23,Count,Deaths,26,All,15-44 years,All causes,All
S92000003,w/c 2020-01-13,Count,Deaths,0,Male,15-44 years,COVID-19 related,All
S92000003,w/c 2019-12-30,Count,Deaths,24,All,15-44 years,All causes,All
S92000003,w/c 2020-03-16,Count,Deaths,41,All,15-44 years,All causes,All
S92000003,w/c 2020-02-10,Count,Deaths,39,All,15-44 years,All causes,All
S92000003,w/c 2020-01-06,Count,Deaths,0,Male,15-44 years,COVID-19 related,All
S92000003,w/c 2019-12-30,Count,Deaths,0,Male,15-44 years,COVID-19 related,All
S92000003,w/c 2020-03-02,Count,Deaths,48,All,15-44 years,All causes,All
S92000003,w/c 2020-01-20,Count,Deaths,50,All,15-44 years,All causes,All
S92000003,w/c 2020-01-13,Count,Deaths,36,All,15-44 years,All causes,All
S92000003,w/c 2020-02-24,Count,Deaths,31,Male,15-44 years,All causes,All
S92000003,w/c 2020-02-10,Count,Deaths,0,Male,15-44 years,COVID-19 related,All
S92000003,w/c 2020-02-24,Count,Deaths,47,All,15-44 years,All causes,All
S92000003,w/c 2020-03-02,Count,Deaths,0,Male,15-44 years,COVID-19 related,All
S92000003,w/c 2020-02-03,Count,Deaths,0,All,15-44 years,COVID-19 related,All
S92000003,w/c 2020-03-23,Count,Deaths,16,Male,15-44 years,All causes,All
S92000003,w/c 2020-01-27,Count,Deaths,0,Male,15-44 years,COVID-19 related,All
S92000003,w/c 2020-03-30,Count,Deaths,61,All,15-44 years,All causes,All
S92000003,w/c 2020-03-30,Count,Deaths,2,Male,15-44 years,COVID-19 related,All
S92000003,2020,Count,Deaths,641,All,15-44 years,All causes,All
S92000003,w/c 2020-04-06,Count,Deaths,1,Female,1-14 years,All causes,All
S92000003,w/c 2020-03-02,Count,Deaths,0,Female,1-14 years,COVID-19 related,All
S92000003,2020,Count,Deaths,0,Female,1-14 years,COVID-19 related,All
S92000003,w/c 2020-02-17,Count,Deaths,0,Female,1-14 years,COVID-19 related,All
S92000003,w/c 2020-01-06,Count,Deaths,2,Male,1-14 years,All causes,All
S92000003,w/c 2020-03-30,Count,Deaths,0,Female,1-14 years,COVID-19 related,All
S92000003,w/c 2019-12-30,Count,Deaths,1,Female,1-14 years,All causes,All
S92000003,w/c 2020-02-10,Count,Deaths,0,Female,1-14 years,All causes,All
S92000003,w/c 2019-12-30,Count,Deaths,0,All,1-14 years,COVID-19 related,All
S92000003,w/c 2020-01-06,Count,Deaths,0,Female,1-14 years,COVID-19 related,All
S92000003,w/c 2020-03-30,Count,Deaths,1,Male,1-14 years,All causes,All
S92000003,w/c 2020-01-06,Count,Deaths,0,All,1-14 years,COVID-19 related,All
S92000003,w/c 2020-02-17,Count,Deaths,1,Male,1-14 years,All causes,All
S92000003,w/c 2020-01-20,Count,Deaths,0,Male,1-14 years,COVID-19 related,All
S92000003,w/c 2020-03-16,Count,Deaths,0,Male,1-14 years,All causes,All
S92000003,w/c 2020-01-20,Count,Deaths,0,All,1-14 years,COVID-19 related,All
S92000003,w/c 2020-02-03,Count,Deaths,0,Female,1-14 years,COVID-19 related,All
S92000003,w/c 2020-04-06,Count,Deaths,0,All,1-14 years,COVID-19 related,All
S92000003,w/c 2020-02-24,Count,Deaths,0,Male,1-14 years,COVID-19 related,All
S92000003,w/c 2020-01-13,Count,Deaths,0,Male,1-14 years,All causes,All
S92000003,w/c 2020-01-27,Count,Deaths,0,Female,1-14 years,COVID-19 related,All
S92000003,w/c 2020-01-27,Count,Deaths,1,Male,1-14 years,All causes,All
S92000003,w/c 2019-12-30,Count,Deaths,0,Male,1-14 years,All causes,All
S92000003,w/c 2020-03-02,Count,Deaths,0,Male,1-14 years,COVID-19 related,All
S92000003,w/c 2020-03-23,Count,Deaths,0,All,1-14 years,COVID-19 related,All
S92000003,w/c 2020-02-24,Count,Deaths,0,Female,1-14 years,COVID-19 related,All
S92000003,w/c 2020-02-17,Count,Deaths,1,Female,1-14 years,All causes,All
S92000003,2020,Count,Deaths,16,Male,1-14 years,All causes,All
S92000003,w/c 2020-01-27,Count,Deaths,2,Female,1-14 years,All causes,All
S92000003,w/c 2020-03-02,Count,Deaths,0,All,1-14 years,COVID-19 related,All
S92000003,w/c 2020-02-10,Count,Deaths,0,Female,1-14 years,COVID-19 related,All
S92000003,w/c 2020-02-03,Count,Deaths,0,Male,1-14 years,COVID-19 related,All
S92000003,w/c 2020-03-09,Count,Deaths,2,All,1-14 years,All causes,All
S92000003,w/c 2020-04-06,Count,Deaths,0,Male,1-14 years,COVID-19 related,All
S92000003,w/c 2020-02-10,Count,Deaths,0,All,1-14 years,COVID-19 related,All
S92000003,w/c 2020-01-20,Count,Deaths,0,Female,1-14 years,All causes,All
S92000003,2020,Count,Deaths,0,All,1-14 years,COVID-19 related,All
S92000003,w/c 2020-03-09,Count,Deaths,0,Male,1-14 years,COVID-19 related,All
S92000003,w/c 2020-03-09,Count,Deaths,0,All,1-14 years,COVID-19 related,All
S92000003,w/c 2020-02-10,Count,Deaths,1,Male,1-14 years,All causes,All
S92000003,w/c 2020-03-16,Count,Deaths,0,All,1-14 years,COVID-19 related,All
S92000003,w/c 2020-02-24,Count,Deaths,0,All,1-14 years,COVID-19 related,All
S92000003,w/c 2020-01-13,Count,Deaths,0,Female,1-14 years,COVID-19 related,All
S92000003,w/c 2020-02-10,Count,Deaths,1,All,1-14 years,All causes,All
S92000003,w/c 2020-03-02,Count,Deaths,0,Female,1-14 years,All causes,All
S92000003,w/c 2020-03-23,Count,Deaths,0,Female,1-14 years,All causes,All
S92000003,w/c 2020-04-06,Count,Deaths,2,All,1-14 years,All causes,All
S92000003,2020,Count,Deaths,11,Female,1-14 years,All causes,All
S92000003,2020,Count,Deaths,27,All,1-14 years,All causes,All
S92000003,w/c 2020-03-09,Count,Deaths,0,Female,1-14 years,All causes,All
S92000003,w/c 2020-04-06,Count,Deaths,0,Female,1-14 years,COVID-19 related,All
S92000003,w/c 2020-03-09,Count,Deaths,0,Female,1-14 years,COVID-19 related,All
S92000003,w/c 2020-03-16,Count,Deaths,0,All,1-14 years,All causes,All
S92000003,w/c 2020-02-24,Count,Deaths,3,All,1-14 years,All causes,All
S92000003,w/c 2020-02-24,Count,Deaths,2,Female,1-14 years,All causes,All
S92000003,w/c 2020-02-03,Count,Deaths,4,All,1-14 years,All causes,All
S92000003,2020,Count,Deaths,0,Male,1-14 years,COVID-19 related,All
S92000003,w/c 2020-01-13,Count,Deaths,0,Female,1-14 years,All causes,All
S92000003,w/c 2020-01-13,Count,Deaths,0,All,1-14 years,All causes,All
S92000003,w/c 2019-12-30,Count,Deaths,0,Female,1-14 years,COVID-19 related,All
S92000003,w/c 2020-01-20,Count,Deaths,3,All,1-14 years,All causes,All
S92000003,w/c 2020-02-17,Count,Deaths,0,Male,1-14 years,COVID-19 related,All
S92000003,w/c 2020-03-16,Count,Deaths,0,Female,1-14 years,All causes,All
S92000003,w/c 2019-12-30,Count,Deaths,1,All,1-14 years,All causes,All
S92000003,w/c 2020-03-02,Count,Deaths,0,Male,1-14 years,All causes,All
S92000003,w/c 2020-01-20,Count,Deaths,0,Female,1-14 years,COVID-19 related,All
S92000003,w/c 2020-02-03,Count,Deaths,0,All,1-14 years,COVID-19 related,All
S92000003,w/c 2020-03-23,Count,Deaths,0,Female,1-14 years,COVID-19 related,All
S92000003,w/c 2020-01-13,Count,Deaths,0,Male,1-14 years,COVID-19 related,All
S92000003,w/c 2020-03-30,Count,Deaths,0,All,1-14 years,COVID-19 related,All
S92000003,w/c 2020-01-13,Count,Deaths,0,All,1-14 years,COVID-19 related,All
S92000003,w/c 2020-02-10,Count,Deaths,0,Male,1-14 years,COVID-19 related,All
S92000003,w/c 2020-01-20,Count,Deaths,3,Male,1-14 years,All causes,All
S92000003,w/c 2020-01-27,Count,Deaths,0,All,1-14 years,COVID-19 related,All
S92000003,w/c 2020-02-24,Count,Deaths,1,Male,1-14 years,All causes,All
S92000003,w/c 2020-03-30,Count,Deaths,1,Female,1-14 years,All causes,All
S92000003,w/c 2020-02-03,Count,Deaths,2,Female,1-14 years,All causes,All
S92000003,w/c 2020-03-30,Count,Deaths,2,All,1-14 years,All causes,All
S92000003,w/c 2020-01-27,Count,Deaths,0,Male,1-14 years,COVID-19 related,All
S92000003,w/c 2020-04-06,Count,Deaths,1,Male,1-14 years,All causes,All
S92000003,w/c 2020-01-06,Count,Deaths,1,Female,1-14 years,All causes,All
S92000003,w/c 2020-02-17,Count,Deaths,2,All,1-14 years,All causes,All
S92000003,w/c 2020-03-30,Count,Deaths,0,Male,1-14 years,COVID-19 related,All
S92000003,w/c 2020-03-16,Count,Deaths,0,Female,1-14 years,COVID-19 related,All
S92000003,w/c 2020-03-23,Count,Deaths,1,Male,1-14 years,All causes,All
S92000003,2020,Count,Deaths,2700,All,45-64 years,All causes,All
S92000003,w/c 2020-02-03,Count,Deaths,106,Male,45-64 years,All causes,All
S92000003,w/c 2020-01-13,Count,Deaths,0,Female,45-64 years,COVID-19 related,All
S92000003,w/c 2020-02-24,Count,Deaths,0,All,45-64 years,COVID-19 related,All
S92000003,w/c 2020-04-06,Count,Deaths,240,All,45-64 years,All causes,All
S92000003,w/c 2020-01-27,Count,Deaths,111,Male,45-64 years,All causes,All
S92000003,w/c 2020-03-16,Count,Deaths,1,Female,45-64 years,COVID-19 related,All
S92000003,w/c 2020-01-20,Count,Deaths,0,All,45-64 years,COVID-19 related,All
S92000003,w/c 2020-01-27,Count,Deaths,0,Female,45-64 years,COVID-19 related,All
S92000003,w/c 2020-03-23,Count,Deaths,56,Female,45-64 years,All causes,All
S92000003,w/c 2020-02-03,Count,Deaths,0,Female,45-64 years,COVID-19 related,All
S92000003,w/c 2020-02-10,Count,Deaths,0,Male,85 years and over,COVID-19 related,All
S92000003,2020,Count,Deaths,2602,Male,85 years and over,All causes,All
S92000003,w/c 2020-02-24,Count,Deaths,154,Male,85 years and over,All causes,All
S92000003,w/c 2020-01-27,Count,Deaths,0,Female,85 years and over,COVID-19 related,All
S92000003,w/c 2020-04-06,Count,Deaths,213,All,85 years and over,COVID-19 related,All
S92000003,w/c 2020-01-13,Count,Deaths,0,All,85 years and over,COVID-19 related,All
S92000003,w/c 2020-02-24,Count,Deaths,0,Male,45-64 years,COVID-19 related,All
S92000003,w/c 2020-03-23,Count,Deaths,11,Female,85 years and over,COVID-19 related,All
S92000003,w/c 2020-02-10,Count,Deaths,0,All,45-64 years,COVID-19 related,All
S92000003,w/c 2020-01-27,Count,Deaths,163,Male,85 years and over,All causes,All
S92000003,w/c 2020-02-17,Count,Deaths,0,Male,85 years and over,COVID-19 related,All
S92000003,w/c 2020-01-20,Count,Deaths,80,Female,45-64 years,All causes,All
S92000003,w/c 2020-01-13,Count,Deaths,113,Male,45-64 years,All causes,All
S92000003,w/c 2020-03-23,Count,Deaths,9,Male,45-64 years,COVID-19 related,All
S92000003,2020,Count,Deaths,1103,Female,45-64 years,All causes,All
S92000003,w/c 2020-03-16,Count,Deaths,0,Male,45-64 years,COVID-19 related,All
S92000003,w/c 2020-03-23,Count,Deaths,3,Female,45-64 years,COVID-19 related,All
S92000003,w/c 2020-02-10,Count,Deaths,0,Female,45-64 years,COVID-19 related,All
S92000003,w/c 2020-01-13,Count,Deaths,0,Male,45-64 years,COVID-19 related,All
S92000003,w/c 2020-03-02,Count,Deaths,71,Female,45-64 years,All causes,All
S92000003,w/c 2020-03-09,Count,Deaths,168,All,45-64 years,All causes,All
S92000003,w/c 2020-04-06,Count,Deaths,64,All,45-64 years,COVID-19 related,All
S92000003,w/c 2020-02-17,Count,Deaths,0,All,45-64 years,COVID-19 related,All
S92000003,w/c 2020-01-13,Count,Deaths,193,All,45-64 years,All causes,All
S92000003,w/c 2020-03-09,Count,Deaths,70,Female,45-64 years,All causes,All
S92000003,w/c 2020-01-20,Count,Deaths,171,All,45-64 years,All causes,All
S92000003,w/c 2020-02-10,Count,Deaths,102,Male,45-64 years,All causes,All
S92000003,w/c 2020-01-20,Count,Deaths,0,Male,45-64 years,COVID-19 related,All
S92000003,w/c 2020-02-24,Count,Deaths,73,Female,45-64 years,All causes,All
S92000003,2020,Count,Deaths,74,Male,45-64 years,COVID-19 related,All
S92000003,w/c 2020-01-20,Count,Deaths,91,Male,45-64 years,All causes,All
S92000003,w/c 2020-03-09,Count,Deaths,98,Male,45-64 years,All causes,All
S92000003,w/c 2020-03-23,Count,Deaths,4,Male,85 years and over,COVID-19 related,All
S92000003,w/c 2020-03-16,Count,Deaths,1,Female,85 years and over,COVID-19 related,All
S92000003,w/c 2020-03-30,Count,Deaths,577,All,85 years and over,All causes,All
S92000003,w/c 2020-03-02,Count,Deaths,263,Female,85 years and over,All causes,All
S92000003,w/c 2020-03-09,Count,Deaths,230,Female,85 years and over,All causes,All
S92000003,w/c 2020-03-30,Count,Deaths,240,Male,85 years and over,All causes,All
S92000003,w/c 2020-03-23,Count,Deaths,382,All,85 years and over,All causes,All
S92000003,w/c 2020-01-27,Count,Deaths,395,All,85 years and over,All causes,All
S92000003,w/c 2020-02-10,Count,Deaths,384,All,85 years and over,All causes,All
S92000003,w/c 2020-03-23,Count,Deaths,134,Male,85 years and over,All causes,All
S92000003,w/c 2019-12-30,Count,Deaths,411,All,85 years and over,All causes,All
S92000003,w/c 2020-01-27,Count,Deaths,0,Male,85 years and over,COVID-19 related,All
S92000003,w/c 2020-02-03,Count,Deaths,0,Male,85 years and over,COVID-19 related,All
S92000003,w/c 2020-02-17,Count,Deaths,145,Male,85 years and over,All causes,All
S92000003,w/c 2020-03-09,Count,Deaths,0,All,85 years and over,COVID-19 related,All
S92000003,w/c 2020-03-02,Count,Deaths,0,Female,85 years and over,COVID-19 related,All
S92000003,w/c 2020-03-09,Count,Deaths,0,Female,85 years and over,COVID-19 related,All
S92000003,w/c 2020-02-10,Count,Deaths,0,Female,85 years and over,COVID-19 related,All
S92000003,w/c 2020-03-16,Count,Deaths,2,All,85 years and over,COVID-19 related,All
S92000003,w/c 2020-03-02,Count,Deaths,0,Male,85 years and over,COVID-19 related,All
S92000003,w/c 2020-03-30,Count,Deaths,74,All,85 years and over,COVID-19 related,All
S92000003,w/c 2020-01-20,Count,Deaths,154,Male,85 years and over,All causes,All
S92000003,w/c 2020-01-20,Count,Deaths,0,Male,85 years and over,COVID-19 related,All
S92000003,w/c 2020-02-24,Count,Deaths,0,Male,85 years and over,COVID-19 related,All
S92000003,w/c 2020-04-06,Count,Deaths,702,All,85 years and over,All causes,All
S92000003,w/c 2020-03-30,Count,Deaths,31,Male,85 years and over,COVID-19 related,All
S92000003,w/c 2020-02-24,Count,Deaths,0,All,85 years and over,COVID-19 related,All
S92000003,w/c 2020-02-03,Count,Deaths,0,All,85 years and over,COVID-19 related,All
S92000003,w/c 2020-03-30,Count,Deaths,43,Female,85 years and over,COVID-19 related,All
S92000003,w/c 2020-03-02,Count,Deaths,143,Male,85 years and over,All causes,All
S92000003,w/c 2020-01-13,Count,Deaths,178,Male,85 years and over,All causes,All
S92000003,w/c 2020-01-27,Count,Deaths,0,All,85 years and over,COVID-19 related,All
S92000003,w/c 2020-02-03,Count,Deaths,165,Male,85 years and over,All causes,All
S92000003,w/c 2020-03-09,Count,Deaths,165,Male,85 years and over,All causes,All
S92000003,w/c 2020-03-09,Count,Deaths,0,Male,85 years and over,COVID-19 related,All
S92000003,w/c 2020-01-20,Count,Deaths,427,All,85 years and over,All causes,All
S92000003,w/c 2020-02-17,Count,Deaths,239,Female,85 years and over,All causes,All
S92000003,w/c 2020-01-06,Count,Deaths,0,Male,85 years and over,COVID-19 related,All
S92000003,2020,Count,Deaths,136,Male,85 years and over,COVID-19 related,All
S92000003,2020,Count,Deaths,6697,All,85 years and over,All causes,All
S92000003,w/c 2020-02-03,Count,Deaths,251,Female,85 years and over,All causes,All
S92000003,w/c 2020-02-10,Count,Deaths,151,Male,85 years and over,All causes,All
S92000003,w/c 2020-02-10,Count,Deaths,64,Female,45-64 years,All causes,All
S92000003,w/c 2020-01-06,Count,Deaths,0,Female,45-64 years,COVID-19 related,All
S92000003,w/c 2020-04-06,Count,Deaths,46,Male,45-64 years,COVID-19 related,All
S92000003,w/c 2020-02-17,Count,Deaths,151,All,45-64 years,All causes,All
S92000003,w/c 2020-02-10,Count,Deaths,166,All,45-64 years,All causes,All
S92000003,w/c 2020-01-06,Count,Deaths,215,All,45-64 years,All causes,All
S92000003,w/c 2020-04-06,Count,Deaths,18,Female,45-64 years,COVID-19 related,All
S92000003,w/c 2020-02-17,Count,Deaths,0,Male,45-64 years,COVID-19 related,All
S92000003,w/c 2020-02-03,Count,Deaths,0,Female,15-44 years,COVID-19 related,All
S92000003,w/c 2020-01-06,Count,Deaths,0,All,45-64 years,COVID-19 related,All
S92000003,w/c 2020-03-09,Count,Deaths,0,All,45-64 years,COVID-19 related,All
S92000003,w/c 2019-12-30,Count,Deaths,0,Male,45-64 years,COVID-19 related,All
S92000003,w/c 2020-03-02,Count,Deaths,0,Female,45-64 years,COVID-19 related,All
S92000003,w/c 2020-03-16,Count,Deaths,1,All,45-64 years,COVID-19 related,All
S92000003,w/c 2020-02-17,Count,Deaths,65,Female,45-64 years,All causes,All
S92000003,w/c 2019-12-30,Count,Deaths,61,Female,45-64 years,All causes,All
S92000003,w/c 2020-02-24,Count,Deaths,92,Male,45-64 years,All causes,All
S92000003,w/c 2019-12-30,Count,Deaths,92,Male,45-64 years,All causes,All
S92000003,w/c 2020-01-20,Count,Deaths,0,Female,45-64 years,COVID-19 related,All
S92000003,w/c 2020-01-27,Count,Deaths,0,Male,45-64 years,COVID-19 related,All
S92000003,w/c 2020-02-03,Count,Deaths,170,All,45-64 years,All causes,All
S92000003,w/c 2020-01-20,Count,Deaths,0,Female,15-44 years,COVID-19 related,All
S92000003,w/c 2020-03-09,Count,Deaths,49,All,15-44 years,All causes,All
S92000003,w/c 2020-03-23,Count,Deaths,0,Female,15-44 years,COVID-19 related,All
S92000003,w/c 2020-02-17,Count,Deaths,17,Female,15-44 years,All causes,All
S92000003,w/c 2020-03-30,Count,Deaths,18,Female,15-44 years,All causes,All
S92000003,w/c 2020-03-02,Count,Deaths,21,Female,15-44 years,All causes,All
S92000003,w/c 2020-03-16,Count,Deaths,0,Female,15-44 years,COVID-19 related,All
S92000003,w/c 2020-01-20,Count,Deaths,14,Female,15-44 years,All causes,All
S92000003,w/c 2020-01-27,Count,Deaths,0,Female,15-44 years,COVID-19 related,All
S92000003,w/c 2020-03-09,Count,Deaths,0,Female,15-44 years,COVID-19 related,All
S92000003,w/c 2020-04-06,Count,Deaths,21,Female,15-44 years,All causes,All
S92000003,w/c 2020-01-06,Count,Deaths,0,Female,15-44 years,COVID-19 related,All
S92000003,w/c 2020-02-17,Count,Deaths,0,All,15-44 years,COVID-19 related,All
S92000003,w/c 2020-01-13,Count,Deaths,0,All,15-44 years,COVID-19 related,All
S92000003,w/c 2020-02-03,Count,Deaths,15,Female,15-44 years,All causes,All
S92000003,w/c 2020-03-30,Count,Deaths,2,Female,15-44 years,COVID-19 related,All
S92000003,w/c 2020-01-27,Count,Deaths,0,All,15-44 years,COVID-19 related,All
S92000003,w/c 2019-12-30,Count,Deaths,0,Female,15-44 years,COVID-19 related,All
S92000003,w/c 2020-02-10,Count,Deaths,0,Female,15-44 years,COVID-19 related,All
S92000003,w/c 2020-02-24,Count,Deaths,16,Female,15-44 years,All causes,All
S92000003,w/c 2020-02-24,Count,Deaths,0,All,15-44 years,COVID-19 related,All
S92000003,w/c 2020-01-27,Count,Deaths,0,All,45-64 years,COVID-19 related,All
S92000003,w/c 2020-03-30,Count,Deaths,12,Female,45-64 years,COVID-19 related,All
S92000003,w/c 2020-03-23,Count,Deaths,12,All,45-64 years,COVID-19 related,All
S92000003,w/c 2020-04-06,Count,Deaths,79,Female,45-64 years,All causes,All
S92000003,w/c 2020-02-17,Count,Deaths,0,Female,45-64 years,COVID-19 related,All
S92000003,w/c 2020-03-30,Count,Deaths,101,Female,45-64 years,All causes,All
S92000003,w/c 2020-01-13,Count,Deaths,80,Female,45-64 years,All causes,All
S92000003,w/c 2020-03-16,Count,Deaths,108,Male,45-64 years,All causes,All
S92000003,w/c 2020-01-13,Count,Deaths,0,All,45-64 years,COVID-19 related,All
S92000003,2020,Count,Deaths,1597,Male,45-64 years,All causes,All
S92000003,w/c 2020-02-03,Count,Deaths,0,Male,45-64 years,COVID-19 related,All
S92000003,w/c 2020-03-02,Count,Deaths,173,All,45-64 years,All causes,All
S92000003,w/c 2020-03-16,Count,Deaths,81,Female,45-64 years,All causes,All
S92000003,w/c 2020-02-10,Count,Deaths,0,Male,45-64 years,COVID-19 related,All
S92000003,w/c 2020-03-23,Count,Deaths,90,Male,45-64 years,All causes,All
S92000003,w/c 2020-02-24,Count,Deaths,165,All,45-64 years,All causes,All
S92000003,w/c 2020-01-06,Count,Deaths,95,Female,45-64 years,All causes,All
S92000003,w/c 2020-02-03,Count,Deaths,64,Female,45-64 years,All causes,All
S92000003,w/c 2020-03-30,Count,Deaths,19,Male,45-64 years,COVID-19 related,All
S92000003,w/c 2020-01-06,Count,Deaths,0,Male,45-64 years,COVID-19 related,All
S92000003,w/c 2020-03-30,Count,Deaths,226,All,45-64 years,All causes,All
S92000003,w/c 2020-04-06,Count,Deaths,161,Male,45-64 years,All causes,All
S92000003,2020,Count,Deaths,34,Female,45-64 years,COVID-19 related,All
S92000003,w/c 2020-03-16,Count,Deaths,189,All,45-64 years,All causes,All
S92000003,w/c 2019-12-30,Count,Deaths,0,Female,45-64 years,COVID-19 related,All
S92000003,w/c 2020-01-27,Count,Deaths,63,Female,45-64 years,All causes,All
S92000003,w/c 2019-12-30,Count,Deaths,0,All,45-64 years,COVID-19 related,All
S92000003,w/c 2020-03-30,Count,Deaths,31,All,45-64 years,COVID-19 related,All
S92000003,w/c 2020-03-02,Count,Deaths,102,Male,45-64 years,All causes,All
S92000003,w/c 2020-03-23,Count,Deaths,146,All,45-64 years,All causes,All
S92000003,w/c 2019-12-30,Count,Deaths,153,All,45-64 years,All causes,All
S92000003,w/c 2020-02-03,Count,Deaths,0,All,45-64 years,COVID-19 related,All
S92000003,w/c 2020-03-09,Count,Deaths,0,Male,45-64 years,COVID-19 related,All
S92000003,w/c 2020-03-09,Count,Deaths,0,Female,45-64 years,COVID-19 related,All
S92000003,w/c 2020-01-27,Count,Deaths,174,All,45-64 years,All causes,All
S92000003,w/c 2020-01-06,Count,Deaths,120,Male,45-64 years,All causes,All
S92000003,w/c 2020-03-30,Count,Deaths,125,Male,45-64 years,All causes,All
S92000003,w/c 2020-03-02,Count,Deaths,0,All,45-64 years,COVID-19 related,All
S92000003,w/c 2020-03-02,Count,Deaths,0,Male,45-64 years,COVID-19 related,All
S92000003,w/c 2020-02-17,Count,Deaths,86,Male,45-64 years,All causes,All
S92000003,2020,Count,Deaths,108,All,45-64 years,COVID-19 related,All
S92000003,w/c 2020-02-24,Count,Deaths,0,Female,45-64 years,COVID-19 related,All
S92000003,w/c 2020-01-20,Count,Deaths,0,All,All,COVID-19 related,Other institution
S92000003,w/c 2020-03-23,Count,Deaths,0,All,All,COVID-19 related,Other institution
S92000003,w/c 2020-02-03,Count,Deaths,0,All,All,COVID-19 related,Other institution
S92000003,w/c 2020-02-10,Count,Deaths,0,All,All,COVID-19 related,Other institution
S92000003,w/c 2020-02-17,Count,Deaths,0,All,All,COVID-19 related,Other institution
S92000003,w/c 2020-03-23,Count,Deaths,14,All,All,COVID-19 related,Home / Non-institution
S92000003,w/c 2019-12-30,Count,Deaths,0,All,All,COVID-19 related,Home / Non-institution
S92000003,w/c 2020-03-30,Count,Deaths,40,All,All,COVID-19 related,Home / Non-institution
S92000003,w/c 2020-03-16,Count,Deaths,14,All,All,COVID-19 related,Home / Non-institution
S92000003,w/c 2020-02-24,Count,Deaths,0,All,All,COVID-19 related,Care Home
S92000003,w/c 2020-03-02,Count,Deaths,0,All,All,COVID-19 related,Hospital
S92000003,w/c 2020-02-10,Count,Deaths,0,All,All,COVID-19 related,Care Home
S92000003,2020,Count,Deaths,237,All,All,COVID-19 related,Care Home
S92000003,w/c 2020-03-09,Count,Deaths,0,All,All,COVID-19 related,Hospital
S92000003,w/c 2020-03-09,Count,Deaths,0,All,All,COVID-19 related,Home / Non-institution
S92000003,w/c 2020-02-17,Count,Deaths,0,All,All,COVID-19 related,Hospital
S92000003,w/c 2020-01-06,Count,Deaths,0,All,All,COVID-19 related,Hospital
S92000003,w/c 2020-02-10,Count,Deaths,0,All,All,COVID-19 related,Home / Non-institution
S92000003,w/c 2020-01-06,Count,Deaths,356,All,All,All causes,Care Home
S92000003,w/c 2020-01-06,Count,Deaths,0,All,All,COVID-19 related,Home / Non-institution
S92000003,w/c 2020-01-27,Count,Deaths,0,All,All,COVID-19 related,Other institution
S92000003,w/c 2020-04-06,Count,Deaths,72,All,All,COVID-19 related,Home / Non-institution
S92000003,w/c 2020-02-03,Count,Deaths,0,All,All,COVID-19 related,Home / Non-institution
S92000003,w/c 2020-02-17,Count,Deaths,0,All,All,COVID-19 related,Home / Non-institution
S92000003,w/c 2020-01-27,Count,Deaths,0,All,All,COVID-19 related,Home / Non-institution
S92000003,w/c 2020-01-27,Count,Deaths,0,All,All,COVID-19 related,All
S92000003,w/c 2020-02-03,Count,Deaths,0,All,All,COVID-19 related,Hospital
S92000003,w/c 2020-04-06,Count,Deaths,0,All,All,COVID-19 related,Other institution
S92000003,w/c 2020-03-23,Count,Deaths,43,All,All,COVID-19 related,Hospital
S92000003,w/c 2020-02-24,Count,Deaths,0,All,All,COVID-19 related,Other institution
S92000003,w/c 2020-01-13,Count,Deaths,0,All,All,COVID-19 related,Other institution
S92000003,w/c 2019-12-30,Count,Deaths,0,All,All,COVID-19 related,Other institution
S92000003,w/c 2020-01-06,Count,Deaths,0,All,All,COVID-19 related,Other institution
S92000003,2020,Count,Deaths,128,All,All,COVID-19 related,Home / Non-institution
S92000003,w/c 2020-02-17,Count,Deaths,551,All,All,All causes,Hospital
S92000003,w/c 2020-02-24,Count,Deaths,538,All,All,All causes,Hospital
S92000003,w/c 2020-03-02,Count,Deaths,566,All,All,All causes,Hospital
S92000003,w/c 2020-03-23,Count,Deaths,261,All,All,All causes,Care Home
S92000003,w/c 2020-03-16,Count,Deaths,273,All,All,All causes,Care Home
S92000003,w/c 2020-03-30,Count,Deaths,722,All,All,All causes,Hospital
S92000003,w/c 2020-01-27,Count,Deaths,590,All,All,All causes,Hospital
S92000003,w/c 2020-02-17,Count,Deaths,267,All,All,All causes,Care Home
S92000003,w/c 2020-02-03,Count,Deaths,285,All,All,All causes,Care Home
S92000003,w/c 2020-03-23,Count,Deaths,463,All,All,All causes,Hospital
S92000003,w/c 2020-01-06,Count,Deaths,8,All,All,All causes,Other institution
S92000003,w/c 2020-03-09,Count,Deaths,5,All,All,All causes,Other institution
S92000003,w/c 2020-01-13,Count,Deaths,632,All,All,All causes,Hospital
S92000003,w/c 2020-03-09,Count,Deaths,248,All,All,All causes,Care Home
S92000003,w/c 2020-03-30,Count,Deaths,441,All,All,All causes,Care Home
S92000003,w/c 2019-12-30,Count,Deaths,305,All,All,All causes,Care Home
S92000003,w/c 2020-04-06,Count,Deaths,591,All,All,All causes,Care Home
S92000003,w/c 2020-01-13,Count,Deaths,6,All,All,All causes,Other institution
S92000003,2020,Count,Deaths,962,All,All,COVID-19 related,All
S92000003,w/c 2020-03-30,Count,Deaths,282,All,All,COVID-19 related,All
S92000003,w/c 2020-01-20,Count,Deaths,5,All,All,All causes,Other institution
S92000003,w/c 2020-01-06,Count,Deaths,790,All,All,All causes,Hospital
S92000003,w/c 2020-03-23,Count,Deaths,5,All,All,COVID-19 related,Care Home
S92000003,w/c 2020-03-30,Count,Deaths,48,All,All,COVID-19 related,Care Home
S92000003,w/c 2020-02-10,Count,Deaths,0,All,All,COVID-19 related,All
S92000003,w/c 2020-02-17,Count,Deaths,0,All,All,COVID-19 related,Care Home
S92000003,w/c 2020-03-16,Count,Deaths,543,All,All,All causes,Hospital
S92000003,w/c 2020-04-06,Count,Deaths,608,All,All,COVID-19 related,All
S92000003,w/c 2020-02-24,Count,Deaths,265,All,All,All causes,Care Home
S92000003,w/c 2020-04-06,Count,Deaths,757,All,All,All causes,Hospital
S92000003,w/c 2019-12-30,Count,Deaths,548,All,All,All causes,Hospital
S92000003,w/c 2020-02-03,Count,Deaths,6,All,All,All causes,Other institution
S92000003,w/c 2020-03-09,Count,Deaths,0,All,All,COVID-19 related,All
S92000003,w/c 2020-03-02,Count,Deaths,0,All,All,COVID-19 related,All
S92000003,2020,Count,Deaths,19526,All,All,All causes,All
S92000003,w/c 2020-03-02,Count,Deaths,1229,All,All,All causes - average of corresponding week over previous 5 years,All
S92000003,w/c 2020-03-09,Count,Deaths,1169,All,All,All causes - average of corresponding week over previous 5 years,All
S92000003,w/c 2020-03-09,Count,Deaths,352,All,All,All causes,Home / Non-institution
S92000003,w/c 2020-03-23,Count,Deaths,1118,All,All,All causes - average of corresponding week over previous 5 years,All
S92000003,w/c 2020-04-06,Count,Deaths,1100,All,All,All causes - average of corresponding week over previous 5 years,All
S92000003,w/c 2020-03-16,Count,Deaths,369,All,All,All causes,Home / Non-institution
S92000003,w/c 2020-02-24,Count,Deaths,1165,All,All,All causes - average of corresponding week over previous 5 years,All
S92000003,w/c 2020-01-13,Count,Deaths,366,All,All,All causes,Home / Non-institution
S92000003,w/c 2020-02-10,Count,Deaths,1259,All,All,All causes - average of corresponding week over previous 5 years,All
S92000003,2020,Count,Deaths,5713,All,All,All causes,Home / Non-institution
S92000003,w/c 2020-03-30,Count,Deaths,1744,All,All,All causes,All
S92000003,w/c 2020-03-23,Count,Deaths,1079,All,All,All causes,All
S92000003,2020,Count,Deaths,85,All,All,All causes,Other institution
S92000003,w/c 2020-02-24,Count,Deaths,4,All,All,All causes,Other institution
S92000003,w/c 2020-02-17,Count,Deaths,1247,All,All,All causes - average of corresponding week over previous 5 years,All
S92000003,w/c 2020-03-02,Count,Deaths,6,All,All,All causes,Other institution
S92000003,w/c 2020-01-06,Count,Deaths,0,All,All,COVID-19 related,All
S92000003,w/c 2020-03-23,Count,Deaths,62,All,All,COVID-19 related,All
S92000003,w/c 2020-02-24,Count,Deaths,1171,All,All,All causes,All
S92000003,w/c 2020-02-03,Count,Deaths,0,All,All,COVID-19 related,All
S92000003,w/c 2020-01-13,Count,Deaths,0,All,All,COVID-19 related,All
S92000003,w/c 2020-03-16,Count,Deaths,10,All,All,COVID-19 related,All
S92000003,w/c 2019-12-30,Count,Deaths,0,All,All,COVID-19 related,All
S92000003,w/c 2020-03-02,Count,Deaths,1207,All,All,All causes,All
S92000003,w/c 2020-02-03,Count,Deaths,1216,All,All,All causes,All
S92000003,w/c 2020-01-20,Count,Deaths,333,All,All,All causes,Home / Non-institution
S92000003,w/c 2019-12-30,Count,Deaths,0,All,All,COVID-19 related,Care Home
S92000003,w/c 2020-02-24,Count,Deaths,364,All,All,All causes,Home / Non-institution
S92000003,w/c 2020-01-06,Count,Deaths,413,All,All,All causes,Home / Non-institution
S92000003,w/c 2020-02-03,Count,Deaths,0,All,All,COVID-19 related,Care Home
S92000003,w/c 2020-01-20,Count,Deaths,0,All,All,COVID-19 related,All
S92000003,w/c 2020-01-20,Count,Deaths,0,All,All,COVID-19 related,Care Home
S92000003,w/c 2020-01-06,Count,Deaths,0,All,All,COVID-19 related,Care Home
S92000003,w/c 2020-02-24,Count,Deaths,0,All,All,COVID-19 related,Hospital
S92000003,w/c 2020-02-10,Count,Deaths,0,All,All,COVID-19 related,Hospital
S92000003,w/c 2020-01-13,Count,Deaths,0,All,All,COVID-19 related,Hospital
S92000003,w/c 2020-03-16,Count,Deaths,5,All,All,COVID-19 related,Care Home
S92000003,w/c 2020-01-27,Count,Deaths,0,All,All,COVID-19 related,Hospital
S92000003,w/c 2020-01-20,Count,Deaths,0,All,All,COVID-19 related,Hospital
S92000003,w/c 2020-03-02,Count,Deaths,0,All,All,COVID-19 related,Care Home
S92000003,w/c 2019-12-30,Count,Deaths,0,All,All,COVID-19 related,Hospital
S92000003,w/c 2020-03-09,Count,Deaths,0,All,All,COVID-19 related,Care Home
S92000003,w/c 2020-03-09,Count,Deaths,1156,All,All,All causes,All
S92000003,w/c 2019-12-30,Count,Deaths,1161,All,All,All causes,All
S92000003,w/c 2020-01-13,Count,Deaths,0,All,All,COVID-19 related,Home / Non-institution
S92000003,2020,Count,Deaths,4725,All,All,All causes,Care Home
S92000003,w/c 2020-01-20,Count,Deaths,292,All,All,All causes,Care Home
S92000003,w/c 2020-04-06,Count,Deaths,352,All,All,COVID-19 related,Hospital
S92000003,w/c 2020-01-13,Count,Deaths,318,All,All,All causes,Care Home
S92000003,w/c 2020-01-27,Count,Deaths,279,All,All,All causes,Care Home
S92000003,w/c 2020-03-02,Count,Deaths,0,All,All,COVID-19 related,Other institution
S92000003,w/c 2020-03-16,Count,Deaths,0,All,All,COVID-19 related,Other institution
S92000003,w/c 2020-01-20,Count,Deaths,0,All,All,COVID-19 related,Home / Non-institution
S92000003,w/c 2020-03-02,Count,Deaths,0,All,All,COVID-19 related,Home / Non-institution
S92000003,w/c 2020-04-06,Count,Deaths,1969,All,All,All causes,All
S92000003,w/c 2020-02-17,Count,Deaths,1162,All,All,All causes,All
S92000003,w/c 2020-03-09,Count,Deaths,0,All,All,COVID-19 related,Other institution
S92000003,w/c 2020-03-30,Count,Deaths,1,All,All,COVID-19 related,Other institution
S92000003,w/c 2020-03-30,Count,Deaths,193,All,All,COVID-19 related,Hospital
S92000003,w/c 2020-03-16,Count,Deaths,43,All,All,COVID-19 related,Hospital
S92000003,w/c 2020-01-13,Count,Deaths,0,All,All,COVID-19 related,Care Home
S92000003,2020,Count,Deaths,596,All,All,COVID-19 related,Hospital
S92000003,w/c 2020-02-24,Count,Deaths,0,All,All,COVID-19 related,Home / Non-institution
S92000003,2020,Count,Deaths,1,All,All,COVID-19 related,Other institution
S92000003,w/c 2020-01-27,Count,Deaths,0,All,All,COVID-19 related,Care Home
S92000003,w/c 2020-04-06,Count,Deaths,184,All,All,COVID-19 related,Care Home
S92000003,w/c 2019-12-30,Count,Deaths,1276,All,All,All causes - average of corresponding week over previous 5 years,All
S92000003,w/c 2020-03-23,Count,Deaths,1,All,All,All causes,Other institution
S92000003,w/c 2020-04-06,Count,Deaths,612,All,All,All causes,Home / Non-institution
S92000003,w/c 2020-03-02,Count,Deaths,349,All,All,All causes,Home / Non-institution
S92000003,w/c 2020-03-30,Count,Deaths,907,Male,All,All causes,All
S92000003,w/c 2020-01-27,Count,Deaths,1280,All,All,All causes - average of corresponding week over previous 5 years,All
S92000003,w/c 2020-01-20,Count,Deaths,1226,All,All,All causes,All
S92000003,w/c 2020-02-03,Count,Deaths,1254,All,All,All causes - average of corresponding week over previous 5 years,All
S92000003,w/c 2020-01-27,Count,Deaths,608,Male,All,All causes,All
S92000003,w/c 2020-01-06,Count,Deaths,0,Female,All,COVID-19 related,All
S92000003,w/c 2020-01-06,Count,Deaths,750,Male,All,All causes,All
S92000003,w/c 2020-03-02,Count,Deaths,0,Female,All,COVID-19 related,All
S92000003,w/c 2020-01-20,Count,Deaths,627,Female,All,All causes,All
S92000003,w/c 2020-02-03,Count,Deaths,616,Female,All,All causes,All
S92000003,w/c 2020-01-13,Count,Deaths,0,Male,All,COVID-19 related,All
S92000003,w/c 2020-03-02,Count,Deaths,0,Male,All,COVID-19 related,All
S92000003,w/c 2020-03-09,Count,Deaths,0,Male,All,COVID-19 related,All
S92000003,w/c 2020-02-03,Count,Deaths,0,Female,All,COVID-19 related,All
S92000003,w/c 2019-12-30,Count,Deaths,0,Male,All,COVID-19 related,All
S92000003,w/c 2020-01-06,Count,Deaths,0,Male,All,COVID-19 related,All
S92000003,w/c 2020-02-17,Count,Deaths,566,Male,All,All causes,All
S92000003,w/c 2020-01-13,Count,Deaths,671,Female,All,All causes,All
S92000003,w/c 2020-03-23,Count,Deaths,354,All,All,All causes,Home / Non-institution
S92000003,w/c 2020-03-23,Count,Deaths,578,Female,All,All causes,All
S92000003,w/c 2020-01-13,Count,Deaths,1322,All,All,All causes,All
S92000003,w/c 2020-01-20,Count,Deaths,599,Male,All,All causes,All
S92000003,w/c 2019-12-30,Count,Deaths,306,All,All,All causes,Home / Non-institution
S92000003,w/c 2020-01-27,Count,Deaths,580,Female,All,All causes,All
S92000003,w/c 2020-02-10,Count,Deaths,2,All,All,All causes,Other institution
S92000003,w/c 2020-02-17,Count,Deaths,0,All,All,COVID-19 related,All
S92000003,w/c 2020-04-06,Count,Deaths,9,All,All,All causes,Other institution
S92000003,w/c 2020-01-06,Count,Deaths,1567,All,All,All causes,All
S92000003,w/c 2020-03-09,Count,Deaths,570,Female,All,All causes,All
S92000003,w/c 2020-03-23,Count,Deaths,501,Male,All,All causes,All
S92000003,w/c 2020-04-06,Count,Deaths,261,Female,All,COVID-19 related,All
S92000003,w/c 2020-01-06,Count,Deaths,817,Female,All,All causes,All
S92000003,w/c 2020-03-16,Count,Deaths,11,All,All,All causes,Other institution
S92000003,w/c 2020-03-30,Count,Deaths,7,All,All,All causes,Other institution
S92000003,w/c 2020-03-16,Count,Deaths,580,Female,All,All causes,All
S92000003,w/c 2020-03-16,Count,Deaths,5,Male,All,COVID-19 related,All
S92000003,w/c 2020-02-17,Count,Deaths,0,Male,All,COVID-19 related,All
S92000003,w/c 2020-03-30,Count,Deaths,126,Female,All,COVID-19 related,All
S92000003,w/c 2020-02-10,Count,Deaths,544,Female,All,All causes,All
S92000003,w/c 2020-02-24,Count,Deaths,0,Male,All,COVID-19 related,All
S92000003,w/c 2020-01-20,Count,Deaths,0,Male,All,COVID-19 related,All
S92000003,w/c 2020-03-09,Count,Deaths,586,Male,All,All causes,All
S92000003,w/c 2020-01-27,Count,Deaths,1188,All,All,All causes,All
S92000003,w/c 2020-03-23,Count,Deaths,26,Female,All,COVID-19 related,All
S92000003,w/c 2020-01-13,Count,Deaths,651,Male,All,All causes,All
S92000003,w/c 2020-02-10,Count,Deaths,0,Female,All,COVID-19 related,All
S92000003,w/c 2020-01-20,Count,Deaths,1317,All,All,All causes - average of corresponding week over previous 5 years,All
S92000003,w/c 2020-02-17,Count,Deaths,337,All,All,All causes,Home / Non-institution
S92000003,w/c 2020-02-10,Count,Deaths,1162,All,All,All causes,All
S92000003,w/c 2020-03-16,Count,Deaths,1196,All,All,All causes,All
S92000003,w/c 2020-03-09,Count,Deaths,0,Female,All,COVID-19 related,All
S92000003,w/c 2020-01-06,Count,Deaths,1560,All,All,All causes - average of corresponding week over previous 5 years,All
S92000003,w/c 2020-03-02,Count,Deaths,585,Male,All,All causes,All
S92000003,w/c 2020-02-10,Count,Deaths,0,Male,All,COVID-19 related,All
S92000003,w/c 2020-03-30,Count,Deaths,1098,All,All,All causes - average of corresponding week over previous 5 years,All
S92000003,w/c 2020-04-06,Count,Deaths,1047,Male,All,All causes,All
S92000003,w/c 2020-03-16,Count,Deaths,1120,All,All,All causes - average of corresponding week over previous 5 years,All
S92000003,2020,Count,Deaths,9759,Male,All,All causes,All
S92000003,w/c 2020-01-13,Count,Deaths,0,Female,All,COVID-19 related,All
S92000003,w/c 2020-01-13,Count,Deaths,1382,All,All,All causes - average of corresponding week over previous 5 years,All
S92000003,w/c 2020-02-24,Count,Deaths,0,Female,All,COVID-19 related,All
S92000003,w/c 2019-12-30,Count,Deaths,616,Female,All,All causes,All
S92000003,w/c 2020-02-03,Count,Deaths,600,Male,All,All causes,All
S92000003,w/c 2020-02-17,Count,Deaths,0,Female,All,COVID-19 related,All
S92000003,w/c 2020-04-06,Count,Deaths,347,Male,All,COVID-19 related,All
S92000003,w/c 2020-03-16,Count,Deaths,5,Female,All,COVID-19 related,All
S92000003,2020,Count,Deaths,544,Male,All,COVID-19 related,All
S92000003,w/c 2020-02-10,Count,Deaths,618,Male,All,All causes,All
S92000003,w/c 2020-04-06,Count,Deaths,922,Female,All,All causes,All
S92000003,w/c 2019-12-30,Count,Deaths,545,Male,All,All causes,All
S92000003,w/c 2020-01-27,Count,Deaths,0,Female,All,COVID-19 related,All
S92000003,w/c 2020-01-20,Count,Deaths,0,Female,All,COVID-19 related,All
S92000003,w/c 2020-03-23,Count,Deaths,36,Male,All,COVID-19 related,All
S92000003,w/c 2020-03-16,Count,Deaths,616,Male,All,All causes,All
S92000003,w/c 2020-02-24,Count,Deaths,591,Female,All,All causes,All
S92000003,2020,Count,Deaths,18573,All,All,All causes - average of corresponding week over previous 5 years,All
S92000003,2020,Count,Deaths,418,Female,All,COVID-19 related,All
S92000003,w/c 2020-02-17,Count,Deaths,596,Female,All,All causes,All
S92000003,w/c 2020-03-30,Count,Deaths,156,Male,All,COVID-19 related,All
S92000003,w/c 2020-03-30,Count,Deaths,837,Female,All,All causes,All
S92000003,w/c 2020-02-03,Count,Deaths,0,Male,All,COVID-19 related,All
S92000003,w/c 2020-03-02,Count,Deaths,286,All,All,All causes,Care Home
S92000003,w/c 2020-02-10,Count,Deaths,258,All,All,All causes,Care Home
S92000003,w/c 2020-02-03,Count,Deaths,321,All,All,All causes,Home / Non-institution
S92000003,w/c 2020-02-10,Count,Deaths,552,All,All,All causes,Hospital
S92000003,w/c 2020-03-09,Count,Deaths,551,All,All,All causes,Hospital
S92000003,w/c 2020-02-10,Count,Deaths,350,All,All,All causes,Home / Non-institution
S92000003,w/c 2020-02-24,Count,Deaths,0,All,All,COVID-19 related,All
S92000003,2020,Count,Deaths,9003,All,All,All causes,Hospital
S92000003,w/c 2020-01-20,Count,Deaths,596,All,All,All causes,Hospital
S92000003,w/c 2019-12-30,Count,Deaths,2,All,All,All causes,Other institution
S92000003,w/c 2020-02-17,Count,Deaths,7,All,All,All causes,Other institution
S92000003,w/c 2020-02-03,Count,Deaths,604,All,All,All causes,Hospital
S92000003,w/c 2020-01-27,Count,Deaths,6,All,All,All causes,Other institution
S08000015,w/c 2020-02-17,Count,Deaths,105,All,All,All causes,All
S08000015,w/c 2020-02-10,Count,Deaths,0,All,All,COVID-19 related,All
S08000015,w/c 2020-02-03,Count,Deaths,88,All,All,All causes,All
S08000015,w/c 2020-01-20,Count,Deaths,0,All,All,COVID-19 related,All
S08000015,w/c 2020-03-23,Count,Deaths,108,All,All,All causes,All
S08000015,w/c 2020-02-24,Count,Deaths,99,All,All,All causes,All
S08000015,w/c 2020-03-02,Count,Deaths,0,All,All,COVID-19 related,All
S08000015,w/c 2020-01-20,Count,Deaths,103,All,All,All causes,All
S08000015,w/c 2020-03-30,Count,Deaths,121,All,All,All causes,All
S08000015,w/c 2020-01-27,Count,Deaths,0,All,All,COVID-19 related,All
S08000015,w/c 2020-02-03,Count,Deaths,0,All,All,COVID-19 related,All
S08000015,w/c 2020-02-17,Count,Deaths,0,All,All,COVID-19 related,All
S08000015,w/c 2020-01-06,Count,Deaths,0,All,All,COVID-19 related,All
S08000015,w/c 2020-04-06,Count,Deaths,40,All,All,COVID-19 related,All
S08000015,w/c 2020-01-27,Count,Deaths,96,All,All,All causes,All
S08000015,w/c 2020-03-16,Count,Deaths,1,All,All,COVID-19 related,All
S08000015,w/c 2020-03-16,Count,Deaths,101,All,All,All causes,All
S08000015,w/c 2020-01-13,Count,Deaths,114,All,All,All causes,All
S08000015,w/c 2020-03-30,Count,Deaths,17,All,All,COVID-19 related,All
S08000015,w/c 2019-12-30,Count,Deaths,0,All,All,COVID-19 related,All
S08000015,2020,Count,Deaths,67,All,All,COVID-19 related,All
S08000015,w/c 2019-12-30,Count,Deaths,105,All,All,All causes,All
S08000015,w/c 2020-03-09,Count,Deaths,0,All,All,COVID-19 related,All
S08000015,w/c 2020-02-24,Count,Deaths,0,All,All,COVID-19 related,All
S08000015,w/c 2020-01-13,Count,Deaths,0,All,All,COVID-19 related,All
S08000015,w/c 2020-03-09,Count,Deaths,109,All,All,All causes,All
S08000015,w/c 2020-02-10,Count,Deaths,76,All,All,All causes,All
S08000015,w/c 2020-04-06,Count,Deaths,131,All,All,All causes,All
S08000015,w/c 2020-01-06,Count,Deaths,121,All,All,All causes,All
S08000015,w/c 2020-03-02,Count,Deaths,105,All,All,All causes,All
S08000015,w/c 2020-03-23,Count,Deaths,9,All,All,COVID-19 related,All
S08000015,2020,Count,Deaths,1582,All,All,All causes,All
S08000016,w/c 2020-01-27,Count,Deaths,0,All,All,COVID-19 related,All
S08000016,w/c 2020-01-06,Count,Deaths,0,All,All,COVID-19 related,All
S08000016,w/c 2020-04-06,Count,Deaths,36,All,All,All causes,All
S08000016,w/c 2020-02-24,Count,Deaths,0,All,All,COVID-19 related,All
S08000016,w/c 2020-01-13,Count,Deaths,38,All,All,All causes,All
S08000016,w/c 2020-02-17,Count,Deaths,23,All,All,All causes,All
S08000016,w/c 2020-03-30,Count,Deaths,13,All,All,COVID-19 related,All
S08000016,w/c 2020-02-17,Count,Deaths,0,All,All,COVID-19 related,All
S08000016,w/c 2020-01-27,Count,Deaths,27,All,All,All causes,All
S08000016,w/c 2020-02-03,Count,Deaths,24,All,All,All causes,All
S08000016,w/c 2020-03-09,Count,Deaths,0,All,All,COVID-19 related,All
S08000016,w/c 2020-01-06,Count,Deaths,41,All,All,All causes,All
S08000016,w/c 2019-12-30,Count,Deaths,20,All,All,All causes,All
S08000016,w/c 2020-03-23,Count,Deaths,3,All,All,COVID-19 related,All
S08000016,w/c 2020-01-13,Count,Deaths,0,All,All,COVID-19 related,All
S08000016,w/c 2020-03-23,Count,Deaths,23,All,All,All causes,All
S08000016,2020,Count,Deaths,30,All,All,COVID-19 related,All
S08000016,w/c 2020-03-02,Count,Deaths,32,All,All,All causes,All
S08000016,w/c 2020-02-10,Count,Deaths,25,All,All,All causes,All
S08000016,w/c 2020-04-06,Count,Deaths,14,All,All,COVID-19 related,All
S08000016,w/c 2019-12-30,Count,Deaths,0,All,All,COVID-19 related,All
S08000016,w/c 2020-01-20,Count,Deaths,29,All,All,All causes,All
S08000016,w/c 2020-03-02,Count,Deaths,0,All,All,COVID-19 related,All
S08000016,w/c 2020-03-30,Count,Deaths,42,All,All,All causes,All
S08000016,w/c 2020-01-20,Count,Deaths,0,All,All,COVID-19 related,All
S08000016,w/c 2020-03-16,Count,Deaths,0,All,All,COVID-19 related,All
S08000016,w/c 2020-03-09,Count,Deaths,29,All,All,All causes,All
S08000016,2020,Count,Deaths,460,All,All,All causes,All
S08000016,w/c 2020-02-10,Count,Deaths,0,All,All,COVID-19 related,All
S08000016,w/c 2020-03-16,Count,Deaths,36,All,All,All causes,All
S08000016,w/c 2020-02-24,Count,Deaths,35,All,All,All causes,All
S08000016,w/c 2020-02-03,Count,Deaths,0,All,All,COVID-19 related,All
S08000017,w/c 2020-03-30,Count,Deaths,73,All,All,All causes,All
S08000017,w/c 2020-02-10,Count,Deaths,0,All,All,COVID-19 related,All
S08000017,w/c 2020-01-20,Count,Deaths,0,All,All,COVID-19 related,All
S08000017,w/c 2019-12-30,Count,Deaths,37,All,All,All causes,All
S08000017,w/c 2020-01-27,Count,Deaths,0,All,All,COVID-19 related,All
S08000017,w/c 2020-02-03,Count,Deaths,44,All,All,All causes,All
S08000017,w/c 2020-03-30,Count,Deaths,12,All,All,COVID-19 related,All
S08000017,w/c 2020-03-09,Count,Deaths,0,All,All,COVID-19 related,All
S08000017,2020,Count,Deaths,656,All,All,All causes,All
S08000017,w/c 2020-01-06,Count,Deaths,0,All,All,COVID-19 related,All
S08000017,w/c 2020-04-06,Count,Deaths,53,All,All,All causes,All
S08000017,w/c 2020-04-06,Count,Deaths,9,All,All,COVID-19 related,All
S08000017,w/c 2020-02-24,Count,Deaths,0,All,All,COVID-19 related,All
S08000017,w/c 2020-03-16,Count,Deaths,41,All,All,All causes,All
S08000017,w/c 2020-01-13,Count,Deaths,0,All,All,COVID-19 related,All
S08000017,w/c 2020-02-24,Count,Deaths,37,All,All,All causes,All
S08000017,w/c 2020-01-13,Count,Deaths,42,All,All,All causes,All
S08000017,w/c 2020-01-27,Count,Deaths,43,All,All,All causes,All
S08000017,w/c 2020-02-03,Count,Deaths,0,All,All,COVID-19 related,All
S08000017,w/c 2020-02-17,Count,Deaths,39,All,All,All causes,All
S08000017,w/c 2020-02-17,Count,Deaths,0,All,All,COVID-19 related,All
S08000017,w/c 2020-01-06,Count,Deaths,58,All,All,All causes,All
S08000017,2020,Count,Deaths,21,All,All,COVID-19 related,All
S08000017,w/c 2020-03-02,Count,Deaths,0,All,All,COVID-19 related,All
S08000017,w/c 2019-12-30,Count,Deaths,0,All,All,COVID-19 related,All
S08000017,w/c 2020-03-23,Count,Deaths,0,All,All,COVID-19 related,All
S08000017,w/c 2020-02-10,Count,Deaths,43,All,All,All causes,All
S08000017,w/c 2020-03-02,Count,Deaths,40,All,All,All causes,All
S08000017,w/c 2020-01-20,Count,Deaths,42,All,All,All causes,All
S08000017,w/c 2020-03-23,Count,Deaths,28,All,All,All causes,All
S08000017,w/c 2020-03-09,Count,Deaths,36,All,All,All causes,All
S08000017,w/c 2020-03-16,Count,Deaths,0,All,All,COVID-19 related,All
S08000019,w/c 2020-02-17,Count,Deaths,0,All,All,COVID-19 related,All
S08000019,w/c 2020-03-02,Count,Deaths,0,All,All,COVID-19 related,All
S08000019,2020,Count,Deaths,1107,All,All,All causes,All
S08000019,w/c 2020-03-09,Count,Deaths,0,All,All,COVID-19 related,All
S08000019,w/c 2020-03-30,Count,Deaths,96,All,All,All causes,All
S08000019,w/c 2020-04-06,Count,Deaths,32,All,All,COVID-19 related,All
S08000019,w/c 2020-03-02,Count,Deaths,75,All,All,All causes,All
S08000019,w/c 2020-01-06,Count,Deaths,0,All,All,COVID-19 related,All
S08000019,w/c 2019-12-30,Count,Deaths,0,All,All,COVID-19 related,All
S08000019,w/c 2020-01-20,Count,Deaths,78,All,All,All causes,All
S08000019,w/c 2020-02-03,Count,Deaths,55,All,All,All causes,All
S08000019,w/c 2019-12-30,Count,Deaths,76,All,All,All causes,All
S08000019,w/c 2020-03-23,Count,Deaths,74,All,All,All causes,All
S08000019,w/c 2020-01-20,Count,Deaths,0,All,All,COVID-19 related,All
S08000019,w/c 2020-01-27,Count,Deaths,0,All,All,COVID-19 related,All
S08000019,w/c 2020-01-13,Count,Deaths,0,All,All,COVID-19 related,All
S08000019,w/c 2020-03-16,Count,Deaths,0,All,All,COVID-19 related,All
S08000019,w/c 2020-04-06,Count,Deaths,110,All,All,All causes,All
S08000019,w/c 2020-01-13,Count,Deaths,68,All,All,All causes,All
S08000019,w/c 2020-03-23,Count,Deaths,7,All,All,COVID-19 related,All
S08000019,w/c 2020-02-24,Count,Deaths,57,All,All,All causes,All
S08000019,w/c 2020-02-10,Count,Deaths,73,All,All,All causes,All
S08000019,w/c 2020-01-06,Count,Deaths,92,All,All,All causes,All
S08000019,w/c 2020-03-16,Count,Deaths,66,All,All,All causes,All
S08000019,w/c 2020-01-27,Count,Deaths,67,All,All,All causes,All
S08000019,w/c 2020-03-09,Count,Deaths,55,All,All,All causes,All
S08000019,w/c 2020-02-24,Count,Deaths,0,All,All,COVID-19 related,All
S08000019,2020,Count,Deaths,59,All,All,COVID-19 related,All
S08000019,w/c 2020-02-03,Count,Deaths,0,All,All,COVID-19 related,All
S08000019,w/c 2020-03-30,Count,Deaths,20,All,All,COVID-19 related,All
S08000019,w/c 2020-02-10,Count,Deaths,0,All,All,COVID-19 related,All
S08000019,w/c 2020-02-17,Count,Deaths,65,All,All,All causes,All
S08000020,w/c 2020-02-10,Count,Deaths,0,All,All,COVID-19 related,All
S08000020,w/c 2020-03-23,Count,Deaths,3,All,All,COVID-19 related,All
S08000020,w/c 2020-03-16,Count,Deaths,132,All,All,All causes,All
S08000020,w/c 2020-03-09,Count,Deaths,128,All,All,All causes,All
S08000020,w/c 2020-01-27,Count,Deaths,0,All,All,COVID-19 related,All
S08000020,2020,Count,Deaths,1878,All,All,All causes,All
S08000020,w/c 2020-02-03,Count,Deaths,0,All,All,COVID-19 related,All
S08000020,w/c 2020-04-06,Count,Deaths,35,All,All,COVID-19 related,All
S08000020,w/c 2020-02-17,Count,Deaths,0,All,All,COVID-19 related,All
S08000020,w/c 2020-01-20,Count,Deaths,117,All,All,All causes,All
S08000020,w/c 2020-03-30,Count,Deaths,141,All,All,All causes,All
S08000020,w/c 2020-02-24,Count,Deaths,111,All,All,All causes,All
S08000020,w/c 2020-02-24,Count,Deaths,0,All,All,COVID-19 related,All
S08000020,w/c 2020-03-23,Count,Deaths,112,All,All,All causes,All
S08000020,w/c 2020-01-13,Count,Deaths,0,All,All,COVID-19 related,All
S08000020,w/c 2020-02-17,Count,Deaths,131,All,All,All causes,All
S08000020,2020,Count,Deaths,47,All,All,COVID-19 related,All
S08000020,w/c 2020-03-16,Count,Deaths,2,All,All,COVID-19 related,All
S08000020,w/c 2020-03-09,Count,Deaths,0,All,All,COVID-19 related,All
S08000020,w/c 2020-03-02,Count,Deaths,0,All,All,COVID-19 related,All
S08000020,w/c 2020-03-02,Count,Deaths,106,All,All,All causes,All
S08000020,w/c 2020-02-03,Count,Deaths,131,All,All,All causes,All
S08000020,w/c 2020-02-10,Count,Deaths,119,All,All,All causes,All
S08000020,w/c 2020-01-06,Count,Deaths,148,All,All,All causes,All
S08000020,w/c 2019-12-30,Count,Deaths,0,All,All,COVID-19 related,All
S08000020,w/c 2020-01-06,Count,Deaths,0,All,All,COVID-19 related,All
S08000020,w/c 2019-12-30,Count,Deaths,113,All,All,All causes,All
S08000020,w/c 2020-01-27,Count,Deaths,109,All,All,All causes,All
S08000020,w/c 2020-01-20,Count,Deaths,0,All,All,COVID-19 related,All
S08000020,w/c 2020-04-06,Count,Deaths,158,All,All,All causes,All
S08000020,w/c 2020-03-30,Count,Deaths,7,All,All,COVID-19 related,All
S08000020,w/c 2020-01-13,Count,Deaths,122,All,All,All causes,All
S08000022,w/c 2020-04-06,Count,Deaths,100,All,All,All causes,All
S08000022,w/c 2020-01-27,Count,Deaths,82,All,All,All causes,All
S08000022,w/c 2020-03-09,Count,Deaths,77,All,All,All causes,All
S08000022,w/c 2020-02-03,Count,Deaths,69,All,All,All causes,All
S08000022,w/c 2020-03-02,Count,Deaths,70,All,All,All causes,All
S08000022,w/c 2020-02-17,Count,Deaths,0,All,All,COVID-19 related,All
S08000022,w/c 2020-03-23,Count,Deaths,70,All,All,All causes,All
S08000022,w/c 2020-01-13,Count,Deaths,94,All,All,All causes,All
S08000022,w/c 2020-01-13,Count,Deaths,0,All,All,COVID-19 related,All
S08000022,w/c 2020-02-10,Count,Deaths,68,All,All,All causes,All
S08000022,w/c 2020-03-02,Count,Deaths,0,All,All,COVID-19 related,All
S08000022,2020,Count,Deaths,1195,All,All,All causes,All
S08000022,w/c 2020-02-03,Count,Deaths,0,All,All,COVID-19 related,All
S08000022,2020,Count,Deaths,29,All,All,COVID-19 related,All
S08000022,w/c 2020-03-30,Count,Deaths,102,All,All,All causes,All
S08000022,w/c 2020-01-06,Count,Deaths,95,All,All,All causes,All
S08000022,w/c 2019-12-30,Count,Deaths,0,All,All,COVID-19 related,All
S08000022,w/c 2020-02-24,Count,Deaths,0,All,All,COVID-19 related,All
S08000022,w/c 2020-01-27,Count,Deaths,0,All,All,COVID-19 related,All
S08000022,w/c 2019-12-30,Count,Deaths,75,All,All,All causes,All
S08000022,w/c 2020-02-10,Count,Deaths,0,All,All,COVID-19 related,All
S08000022,w/c 2020-04-06,Count,Deaths,13,All,All,COVID-19 related,All
S08000022,w/c 2020-03-30,Count,Deaths,11,All,All,COVID-19 related,All
S08000022,w/c 2020-01-20,Count,Deaths,77,All,All,All causes,All
S08000022,w/c 2020-01-20,Count,Deaths,0,All,All,COVID-19 related,All
S08000022,w/c 2020-03-09,Count,Deaths,0,All,All,COVID-19 related,All
S08000022,w/c 2020-02-24,Count,Deaths,78,All,All,All causes,All
S08000022,w/c 2020-02-17,Count,Deaths,66,All,All,All causes,All
S08000022,w/c 2020-01-06,Count,Deaths,0,All,All,COVID-19 related,All
S08000022,w/c 2020-03-23,Count,Deaths,5,All,All,COVID-19 related,All
S08000022,w/c 2020-03-16,Count,Deaths,72,All,All,All causes,All
S08000022,w/c 2020-03-16,Count,Deaths,0,All,All,COVID-19 related,All
S08000024,w/c 2020-02-17,Count,Deaths,152,All,All,All causes,All
S08000024,w/c 2020-03-30,Count,Deaths,32,All,All,COVID-19 related,All
S08000024,w/c 2020-01-20,Count,Deaths,0,All,All,COVID-19 related,All
S08000024,w/c 2020-02-24,Count,Deaths,171,All,All,All causes,All
S08000024,w/c 2020-03-09,Count,Deaths,182,All,All,All causes,All
S08000024,w/c 2020-01-06,Count,Deaths,196,All,All,All causes,All
S08000024,w/c 2020-01-27,Count,Deaths,0,All,All,COVID-19 related,All
S08000024,w/c 2020-03-30,Count,Deaths,228,All,All,All causes,All
S08000024,w/c 2020-01-20,Count,Deaths,165,All,All,All causes,All
S08000024,2020,Count,Deaths,2718,All,All,All causes,All
S08000024,w/c 2020-03-23,Count,Deaths,144,All,All,All causes,All
S08000024,w/c 2020-01-13,Count,Deaths,155,All,All,All causes,All
S08000024,w/c 2019-12-30,Count,Deaths,0,All,All,COVID-19 related,All
S08000024,w/c 2020-02-03,Count,Deaths,191,All,All,All causes,All
S08000024,w/c 2020-01-06,Count,Deaths,0,All,All,COVID-19 related,All
S08000024,w/c 2020-03-23,Count,Deaths,7,All,All,COVID-19 related,All
S08000024,w/c 2020-03-02,Count,Deaths,0,All,All,COVID-19 related,All
S08000024,w/c 2020-02-03,Count,Deaths,0,All,All,COVID-19 related,All
S08000024,w/c 2020-02-24,Count,Deaths,0,All,All,COVID-19 related,All
S08000024,w/c 2020-01-27,Count,Deaths,154,All,All,All causes,All
S08000024,w/c 2020-01-13,Count,Deaths,0,All,All,COVID-19 related,All
S08000024,w/c 2020-03-02,Count,Deaths,166,All,All,All causes,All
S08000024,w/c 2020-02-10,Count,Deaths,0,All,All,COVID-19 related,All
S08000024,w/c 2019-12-30,Count,Deaths,166,All,All,All causes,All
S08000024,w/c 2020-04-06,Count,Deaths,107,All,All,COVID-19 related,All
S08000024,w/c 2020-03-16,Count,Deaths,169,All,All,All causes,All
S08000024,2020,Count,Deaths,148,All,All,COVID-19 related,All
S08000024,w/c 2020-02-17,Count,Deaths,0,All,All,COVID-19 related,All
S08000024,w/c 2020-03-09,Count,Deaths,0,All,All,COVID-19 related,All
S08000024,w/c 2020-04-06,Count,Deaths,308,All,All,All causes,All
S08000024,w/c 2020-03-16,Count,Deaths,2,All,All,COVID-19 related,All
S08000024,w/c 2020-02-10,Count,Deaths,171,All,All,All causes,All
S08000025,w/c 2020-01-13,Count,Deaths,2,All,All,All causes,All
S08000025,w/c 2020-03-30,Count,Deaths,0,All,All,COVID-19 related,All
S08000025,w/c 2020-03-16,Count,Deaths,0,All,All,COVID-19 related,All
S08000025,w/c 2020-02-17,Count,Deaths,0,All,All,COVID-19 related,All
S08000025,w/c 2020-01-13,Count,Deaths,0,All,All,COVID-19 related,All
S08000025,w/c 2020-04-06,Count,Deaths,2,All,All,COVID-19 related,All
S08000025,w/c 2019-12-30,Count,Deaths,1,All,All,All causes,All
S08000025,w/c 2020-03-23,Count,Deaths,0,All,All,COVID-19 related,All
S08000025,w/c 2020-01-06,Count,Deaths,0,All,All,COVID-19 related,All
S08000025,2020,Count,Deaths,2,All,All,COVID-19 related,All
S08000025,2020,Count,Deaths,73,All,All,All causes,All
S08000025,w/c 2020-02-24,Count,Deaths,0,All,All,COVID-19 related,All
S08000025,w/c 2020-03-16,Count,Deaths,7,All,All,All causes,All
S08000025,w/c 2020-03-23,Count,Deaths,8,All,All,All causes,All
S08000025,w/c 2020-02-10,Count,Deaths,0,All,All,COVID-19 related,All
S08000025,w/c 2020-02-24,Count,Deaths,4,All,All,All causes,All
S08000025,w/c 2020-03-09,Count,Deaths,6,All,All,All causes,All
S08000025,w/c 2020-03-30,Count,Deaths,9,All,All,All causes,All
S08000025,w/c 2020-01-27,Count,Deaths,2,All,All,All causes,All
S08000025,w/c 2020-03-02,Count,Deaths,0,All,All,COVID-19 related,All
S08000025,w/c 2020-02-03,Count,Deaths,5,All,All,All causes,All
S08000025,w/c 2020-02-10,Count,Deaths,3,All,All,All causes,All
S08000025,w/c 2020-01-20,Count,Deaths,4,All,All,All causes,All
S08000025,w/c 2020-03-02,Count,Deaths,5,All,All,All causes,All
S08000025,w/c 2019-12-30,Count,Deaths,0,All,All,COVID-19 related,All
S08000025,w/c 2020-04-06,Count,Deaths,11,All,All,All causes,All
S08000025,w/c 2020-02-17,Count,Deaths,1,All,All,All causes,All
S08000025,w/c 2020-03-09,Count,Deaths,0,All,All,COVID-19 related,All
S08000025,w/c 2020-01-27,Count,Deaths,0,All,All,COVID-19 related,All
S08000025,w/c 2020-01-20,Count,Deaths,0,All,All,COVID-19 related,All
S08000025,w/c 2020-02-03,Count,Deaths,0,All,All,COVID-19 related,All
S08000025,w/c 2020-01-06,Count,Deaths,5,All,All,All causes,All
S08000026,w/c 2020-02-03,Count,Deaths,6,All,All,All causes,All
S08000026,w/c 2020-03-09,Count,Deaths,0,All,All,COVID-19 related,All
S08000026,2020,Count,Deaths,5,All,All,COVID-19 related,All
S08000026,w/c 2020-03-16,Count,Deaths,0,All,All,COVID-19 related,All
S08000026,w/c 2020-02-10,Count,Deaths,4,All,All,All causes,All
S08000026,w/c 2020-02-17,Count,Deaths,0,All,All,COVID-19 related,All
S08000026,w/c 2020-04-06,Count,Deaths,4,All,All,COVID-19 related,All
S08000026,2020,Count,Deaths,70,All,All,All causes,All
S08000026,w/c 2020-01-13,Count,Deaths,0,All,All,COVID-19 related,All
S08000026,w/c 2020-02-24,Count,Deaths,0,All,All,COVID-19 related,All
S08000026,w/c 2020-02-17,Count,Deaths,4,All,All,All causes,All
S08000026,w/c 2020-01-13,Count,Deaths,2,All,All,All causes,All
S08000026,w/c 2020-02-10,Count,Deaths,0,All,All,COVID-19 related,All
S08000026,w/c 2020-01-06,Count,Deaths,4,All,All,All causes,All
S08000026,w/c 2020-01-27,Count,Deaths,0,All,All,COVID-19 related,All
S08000026,w/c 2020-03-30,Count,Deaths,8,All,All,All causes,All
S08000026,w/c 2020-03-02,Count,Deaths,0,All,All,COVID-19 related,All
S08000026,w/c 2020-03-30,Count,Deaths,1,All,All,COVID-19 related,All
S08000026,w/c 2020-01-27,Count,Deaths,5,All,All,All causes,All
S08000026,w/c 2020-01-20,Count,Deaths,2,All,All,All causes,All
S08000026,w/c 2020-04-06,Count,Deaths,8,All,All,All causes,All
S08000026,w/c 2020-03-02,Count,Deaths,4,All,All,All causes,All
S08000026,w/c 2020-03-23,Count,Deaths,9,All,All,All causes,All
S08000026,w/c 2020-02-24,Count,Deaths,3,All,All,All causes,All
S08000026,w/c 2020-01-20,Count,Deaths,0,All,All,COVID-19 related,All
S08000026,w/c 2020-01-06,Count,Deaths,0,All,All,COVID-19 related,All
S08000026,w/c 2020-03-16,Count,Deaths,3,All,All,All causes,All
S08000026,w/c 2019-12-30,Count,Deaths,5,All,All,All causes,All
S08000026,w/c 2020-03-09,Count,Deaths,3,All,All,All causes,All
S08000026,w/c 2020-03-23,Count,Deaths,0,All,All,COVID-19 related,All
S08000026,w/c 2020-02-03,Count,Deaths,0,All,All,COVID-19 related,All
S08000026,w/c 2019-12-30,Count,Deaths,0,All,All,COVID-19 related,All
S08000028,w/c 2020-03-09,Count,Deaths,11,All,All,All causes,All
S08000028,w/c 2020-03-30,Count,Deaths,0,All,All,COVID-19 related,All
S08000028,w/c 2020-01-20,Count,Deaths,0,All,All,COVID-19 related,All
S08000028,w/c 2020-01-13,Count,Deaths,0,All,All,COVID-19 related,All
S08000028,w/c 2020-02-03,Count,Deaths,11,All,All,All causes,All
S08000028,w/c 2020-01-06,Count,Deaths,0,All,All,COVID-19 related,All
S08000028,w/c 2020-02-10,Count,Deaths,0,All,All,COVID-19 related,All
S08000028,w/c 2020-02-10,Count,Deaths,3,All,All,All causes,All
S08000028,w/c 2020-03-09,Count,Deaths,0,All,All,COVID-19 related,All
S08000028,w/c 2020-03-23,Count,Deaths,0,All,All,COVID-19 related,All
S08000028,w/c 2020-01-27,Count,Deaths,0,All,All,COVID-19 related,All
S08000028,w/c 2020-01-20,Count,Deaths,10,All,All,All causes,All
S08000028,2020,Count,Deaths,0,All,All,COVID-19 related,All
S08000028,w/c 2019-12-30,Count,Deaths,9,All,All,All causes,All
S08000028,w/c 2020-01-27,Count,Deaths,10,All,All,All causes,All
S08000028,w/c 2020-04-06,Count,Deaths,8,All,All,All causes,All
S08000028,2020,Count,Deaths,120,All,All,All causes,All
S08000028,w/c 2020-02-24,Count,Deaths,0,All,All,COVID-19 related,All
S08000028,w/c 2020-03-02,Count,Deaths,6,All,All,All causes,All
S08000028,w/c 2020-04-06,Count,Deaths,0,All,All,COVID-19 related,All
S08000028,w/c 2020-02-03,Count,Deaths,0,All,All,COVID-19 related,All
S08000028,w/c 2020-03-16,Count,Deaths,5,All,All,All causes,All
S08000028,w/c 2020-01-06,Count,Deaths,8,All,All,All causes,All
S08000028,w/c 2019-12-30,Count,Deaths,0,All,All,COVID-19 related,All
S08000028,w/c 2020-03-02,Count,Deaths,0,All,All,COVID-19 related,All
S08000028,w/c 2020-02-17,Count,Deaths,0,All,All,COVID-19 related,All
S08000028,w/c 2020-03-23,Count,Deaths,5,All,All,All causes,All
S08000028,w/c 2020-03-16,Count,Deaths,0,All,All,COVID-19 related,All
S08000028,w/c 2020-02-17,Count,Deaths,8,All,All,All causes,All
S08000028,w/c 2020-02-24,Count,Deaths,10,All,All,All causes,All
S08000028,w/c 2020-01-13,Count,Deaths,10,All,All,All causes,All
S08000028,w/c 2020-03-30,Count,Deaths,6,All,All,All causes,All
S08000029,w/c 2020-03-16,Count,Deaths,2,All,All,COVID-19 related,All
S08000029,w/c 2020-02-24,Count,Deaths,0,All,All,COVID-19 related,All
S08000029,w/c 2020-01-20,Count,Deaths,96,All,All,All causes,All
S08000029,2020,Count,Deaths,1282,All,All,All causes,All
S08000029,w/c 2020-02-03,Count,Deaths,0,All,All,COVID-19 related,All
S08000029,w/c 2020-03-02,Count,Deaths,79,All,All,All causes,All
S08000029,w/c 2020-03-09,Count,Deaths,0,All,All,COVID-19 related,All
S08000029,w/c 2020-04-06,Count,Deaths,31,All,All,COVID-19 related,All
S08000029,w/c 2020-01-13,Count,Deaths,0,All,All,COVID-19 related,All
S08000029,w/c 2020-02-03,Count,Deaths,81,All,All,All causes,All
S08000029,w/c 2020-01-27,Count,Deaths,79,All,All,All causes,All
S08000029,w/c 2019-12-30,Count,Deaths,0,All,All,COVID-19 related,All
S08000029,w/c 2020-02-10,Count,Deaths,0,All,All,COVID-19 related,All
S08000029,w/c 2020-03-02,Count,Deaths,0,All,All,COVID-19 related,All
S08000029,w/c 2020-02-24,Count,Deaths,79,All,All,All causes,All
S08000029,w/c 2020-02-10,Count,Deaths,80,All,All,All causes,All
S08000029,w/c 2020-01-06,Count,Deaths,96,All,All,All causes,All
S08000029,w/c 2020-01-27,Count,Deaths,0,All,All,COVID-19 related,All
S08000029,w/c 2020-03-16,Count,Deaths,70,All,All,All causes,All
S08000029,w/c 2020-03-30,Count,Deaths,9,All,All,COVID-19 related,All
S08000029,w/c 2020-03-23,Count,Deaths,98,All,All,All causes,All
S08000029,w/c 2020-02-17,Count,Deaths,0,All,All,COVID-19 related,All
S08000029,w/c 2020-03-23,Count,Deaths,4,All,All,COVID-19 related,All
S08000029,w/c 2020-04-06,Count,Deaths,108,All,All,All causes,All
S08000029,w/c 2020-01-06,Count,Deaths,0,All,All,COVID-19 related,All
S08000029,w/c 2020-03-09,Count,Deaths,80,All,All,All causes,All
S08000029,w/c 2019-12-30,Count,Deaths,70,All,All,All causes,All
S08000029,2020,Count,Deaths,46,All,All,COVID-19 related,All
S08000029,w/c 2020-03-30,Count,Deaths,82,All,All,All causes,All
S08000029,w/c 2020-01-20,Count,Deaths,0,All,All,COVID-19 related,All
S08000029,w/c 2020-01-13,Count,Deaths,96,All,All,All causes,All
S08000029,w/c 2020-02-17,Count,Deaths,88,All,All,All causes,All
S08000030,w/c 2020-02-17,Count,Deaths,0,All,All,COVID-19 related,All
S08000030,w/c 2020-02-03,Count,Deaths,0,All,All,COVID-19 related,All
S08000030,w/c 2020-03-09,Count,Deaths,94,All,All,All causes,All
S08000030,w/c 2020-02-24,Count,Deaths,0,All,All,COVID-19 related,All
S08000030,w/c 2020-02-10,Count,Deaths,0,All,All,COVID-19 related,All
S08000030,w/c 2019-12-30,Count,Deaths,96,All,All,All causes,All
S08000030,w/c 2020-01-20,Count,Deaths,107,All,All,All causes,All
S08000030,w/c 2020-03-16,Count,Deaths,92,All,All,All causes,All
S08000030,w/c 2020-01-06,Count,Deaths,0,All,All,COVID-19 related,All
S08000030,w/c 2020-03-30,Count,Deaths,14,All,All,COVID-19 related,All
S08000030,w/c 2020-02-03,Count,Deaths,97,All,All,All causes,All
S08000030,w/c 2020-01-27,Count,Deaths,99,All,All,All causes,All
S08000030,w/c 2020-03-23,Count,Deaths,96,All,All,All causes,All
S08000030,w/c 2020-03-16,Count,Deaths,0,All,All,COVID-19 related,All
S08000030,w/c 2020-03-02,Count,Deaths,86,All,All,All causes,All
S08000030,w/c 2020-02-17,Count,Deaths,98,All,All,All causes,All
S08000030,w/c 2020-04-06,Count,Deaths,166,All,All,All causes,All
S08000030,w/c 2020-03-30,Count,Deaths,126,All,All,All causes,All
S08000030,w/c 2020-01-13,Count,Deaths,118,All,All,All causes,All
S08000030,w/c 2020-01-06,Count,Deaths,156,All,All,All causes,All
S08000030,2020,Count,Deaths,55,All,All,COVID-19 related,All
S08000030,w/c 2020-03-23,Count,Deaths,3,All,All,COVID-19 related,All
S08000030,w/c 2020-01-20,Count,Deaths,0,All,All,COVID-19 related,All
S08000030,w/c 2020-01-13,Count,Deaths,0,All,All,COVID-19 related,All
S08000030,w/c 2020-03-02,Count,Deaths,0,All,All,COVID-19 related,All
S08000030,w/c 2020-04-06,Count,Deaths,38,All,All,COVID-19 related,All
S08000030,w/c 2020-03-09,Count,Deaths,0,All,All,COVID-19 related,All
S08000030,2020,Count,Deaths,1626,All,All,All causes,All
S08000030,w/c 2020-02-10,Count,Deaths,99,All,All,All causes,All
S08000030,w/c 2019-12-30,Count,Deaths,0,All,All,COVID-19 related,All
S08000030,w/c 2020-02-24,Count,Deaths,96,All,All,All causes,All
S08000030,w/c 2020-01-27,Count,Deaths,0,All,All,COVID-19 related,All
S08000031,w/c 2020-02-17,Count,Deaths,0,All,All,COVID-19 related,All
S08000031,w/c 2020-03-09,Count,Deaths,0,All,All,COVID-19 related,All
S08000031,w/c 2020-03-02,Count,Deaths,0,All,All,COVID-19 related,All
S08000031,w/c 2020-02-24,Count,Deaths,0,All,All,COVID-19 related,All
S08000031,w/c 2020-01-20,Count,Deaths,235,All,All,All causes,All
S08000031,w/c 2020-04-06,Count,Deaths,193,All,All,COVID-19 related,All
S08000031,w/c 2020-02-03,Count,Deaths,0,All,All,COVID-19 related,All
S08000031,w/c 2020-01-06,Count,Deaths,0,All,All,COVID-19 related,All
S08000031,w/c 2020-03-16,Count,Deaths,3,All,All,COVID-19 related,All
S08000031,w/c 2020-03-09,Count,Deaths,204,All,All,All causes,All
S08000031,w/c 2020-03-02,Count,Deaths,282,All,All,All causes,All
S08000031,w/c 2020-01-27,Count,Deaths,264,All,All,All causes,All
S08000031,w/c 2020-01-20,Count,Deaths,0,All,All,COVID-19 related,All
S08000031,w/c 2020-02-03,Count,Deaths,245,All,All,All causes,All
S08000031,w/c 2020-03-30,Count,Deaths,479,All,All,All causes,All
S08000031,w/c 2020-03-23,Count,Deaths,13,All,All,COVID-19 related,All
S08000031,w/c 2020-01-27,Count,Deaths,0,All,All,COVID-19 related,All
S08000031,w/c 2020-02-10,Count,Deaths,243,All,All,All causes,All
S08000031,w/c 2020-01-06,Count,Deaths,353,All,All,All causes,All
S08000031,w/c 2020-02-17,Count,Deaths,238,All,All,All causes,All
S08000031,w/c 2020-01-13,Count,Deaths,296,All,All,All causes,All
S08000031,w/c 2020-03-30,Count,Deaths,106,All,All,COVID-19 related,All
S08000031,w/c 2019-12-30,Count,Deaths,0,All,All,COVID-19 related,All
S08000031,w/c 2020-02-10,Count,Deaths,0,All,All,COVID-19 related,All
S08000031,2020,Count,Deaths,4273,All,All,All causes,All
S08000031,w/c 2020-02-24,Count,Deaths,255,All,All,All causes,All
S08000031,w/c 2020-03-16,Count,Deaths,264,All,All,All causes,All
S08000031,w/c 2020-04-06,Count,Deaths,498,All,All,All causes,All
S08000031,w/c 2020-03-23,Count,Deaths,167,All,All,All causes,All
S08000031,w/c 2020-01-13,Count,Deaths,0,All,All,COVID-19 related,All
S08000031,w/c 2019-12-30,Count,Deaths,250,All,All,All causes,All
S08000031,2020,Count,Deaths,315,All,All,COVID-19 related,All
S08000032,w/c 2019-12-30,Count,Deaths,0,All,All,COVID-19 related,All
S08000032,w/c 2020-01-13,Count,Deaths,165,All,All,All causes,All
S08000032,w/c 2020-01-06,Count,Deaths,0,All,All,COVID-19 related,All
S08000032,w/c 2020-01-27,Count,Deaths,151,All,All,All causes,All
S08000032,w/c 2020-03-30,Count,Deaths,40,All,All,COVID-19 related,All
S08000032,w/c 2020-03-23,Count,Deaths,137,All,All,All causes,All
S08000032,w/c 2020-01-13,Count,Deaths,0,All,All,COVID-19 related,All
S08000032,w/c 2020-03-02,Count,Deaths,151,All,All,All causes,All
S08000032,w/c 2020-03-09,Count,Deaths,142,All,All,All causes,All
S08000032,2020,Count,Deaths,2486,All,All,All causes,All
S08000032,w/c 2020-02-03,Count,Deaths,0,All,All,COVID-19 related,All
S08000032,w/c 2020-04-06,Count,Deaths,274,All,All,All causes,All
S08000032,w/c 2020-01-27,Count,Deaths,0,All,All,COVID-19 related,All
S08000032,w/c 2020-01-20,Count,Deaths,0,All,All,COVID-19 related,All
S08000032,w/c 2020-01-20,Count,Deaths,161,All,All,All causes,All
S08000032,w/c 2020-03-30,Count,Deaths,231,All,All,All causes,All
S08000032,w/c 2020-03-23,Count,Deaths,8,All,All,COVID-19 related,All
S08000032,w/c 2020-01-06,Count,Deaths,194,All,All,All causes,All
S08000032,w/c 2020-02-17,Count,Deaths,144,All,All,All causes,All
S08000032,w/c 2020-02-10,Count,Deaths,155,All,All,All causes,All
S08000032,w/c 2020-03-09,Count,Deaths,0,All,All,COVID-19 related,All
S08000032,w/c 2020-02-24,Count,Deaths,0,All,All,COVID-19 related,All
S08000032,w/c 2020-02-03,Count,Deaths,169,All,All,All causes,All
S08000032,w/c 2020-04-06,Count,Deaths,90,All,All,COVID-19 related,All
S08000032,2020,Count,Deaths,138,All,All,COVID-19 related,All
S08000032,w/c 2020-03-16,Count,Deaths,0,All,All,COVID-19 related,All
S08000032,w/c 2019-12-30,Count,Deaths,138,All,All,All causes,All
S08000032,w/c 2020-03-16,Count,Deaths,138,All,All,All causes,All
S08000032,w/c 2020-02-10,Count,Deaths,0,All,All,COVID-19 related,All
S08000032,w/c 2020-02-17,Count,Deaths,0,All,All,COVID-19 related,All
S08000032,w/c 2020-03-02,Count,Deaths,0,All,All,COVID-19 related,All
S08000032,w/c 2020-02-24,Count,Deaths,136,All,All,All causes,All
